,channel1,channel2,channel3,channel4
0,-120.25648307520896,-137.18327027466148,-141.9217235185206,-93.5648170914501
1,52.29876098036766,70.4036166658625,74.69702181499451,68.67204298637807
2,-131.04983434733003,-149.15095013286918,-164.5630778502673,-118.42019219696522
3,-42.21973059978336,-40.398399321362376,-40.809788316488266,-8.100623304024339
4,52.167864481918514,65.48190832417458,76.28273939620703,74.72320111468434
5,-84.17766820266843,-97.196259948425,-114.71769124083221,-88.6356289498508
6,-74.26693332009017,-79.16994216199964,-81.7429933315143,-40.054328525438905
7,15.6739207142964,28.21754516568035,34.810988787561655,49.16472481749952
8,-1.8849095776677132,5.041385140269995,-0.7965986905619502,-0.16829549800604582
9,-118.82784129213542,-137.31416677311063,-140.44820293597877,-92.83553660009056
10,-24.59732200857252,-19.114628673531115,-17.192320096306503,6.2979915253818035
11,49.06748741865158,67.74080789741129,78.86701026558876,70.54199296422303
12,-124.92387821990997,-147.75222754944116,-158.1491494262591,-122.11895325314254
13,-39.654159230180085,-40.71629081759602,-43.33048088662326,-10.759692172519863
14,44.79278176929802,65.70630232151598,68.80293948482722,73.76952662598342
15,-79.26343966089189,-93.80043078865856,-110.92543268576264,-86.09249697998166
16,-76.56697179283947,-80.10491715092212,-78.9268486648798,-45.320107663050294
17,14.952120022848248,29.43675255123526,36.71459786500782,42.503962996415794
18,6.761739119887352,2.8049249667674303,-5.086263939738274,4.02413235232234
19,-119.32898788619787,-131.76041533891112,-140.70625603292137,-95.05703717377037
20,-30.16603304259479,-15.165294320322573,-10.396921876817942,4.02787225227803
21,51.266548592597246,68.43642928916961,74.60726421605796,70.35125806648284
22,-122.07033455371857,-145.27641377877444,-156.60831064451486,-117.90408600308001
23,-41.89435930363834,-39.212851035408676,-38.9061792390421,-6.488726423121989
24,38.98471713811159,66.42062321305275,67.3668179018423,79.4466947587207
25,-79.80572515446693,-92.8205770002678,-111.11990748345852,-86.25705257803202
26,-74.19961512088776,-79.09888406284153,-79.6673488561064,-42.096313901245594
27,7.3040246134623885,22.431919934228063,25.124647902324796,41.258576311171055
28,8.747625996358693,8.721446696668863,2.139222774654627,8.799984595738351
29,-121.10544036515057,-132.6916504278779,-143.8440320957452,-94.02482478599995
30,-23.097622126340866,-22.832089229486883,-17.64110809098929,4.936667941510677
31,52.246402380988,68.6234242869541,73.65358972735703,73.71342812664807
32,-125.49982281308621,-143.08857230469584,-155.32552495971322,-115.4993303315714
33,-43.37535968609154,-41.673705206252635,-39.85985372774303,-10.785871472209692
34,44.53098877239972,64.98076173011214,69.24050777964294,71.91079634800553
35,-78.46310107037425,-92.53260470367968,-108.18034611828625,-87.88390905875713
36,-74.63718341570348,-79.65238925628364,-81.95990752894431,-45.11441316548735
37,9.304871089756489,25.072289302945137,33.80495569948107,41.11272021289915
38,5.003986140713096,8.717706796713173,3.092897263355553,5.183501338586211
39,-119.19809138774872,-136.10991898737848,-143.34662540163845,-96.51933805644512
40,-22.248664836399257,-20.797583653591573,-19.937406663782895,2.1579222744330764
41,51.49468248989433,69.90247007180005,76.86242388933897,68.24569439142942
42,-125.07721411809325,-145.31755267828703,-157.7452402310446,-117.00651001371443
43,-42.75827619340271,-39.93091182690114,-41.684924906119704,-13.886248535476625
44,50.78410149831325,61.5475335707888,71.64526345115155,72.61389753967524
45,-79.12880326248705,-94.01360508613288,-101.381207998842,-77.59544428065419
46,-82.79390521906316,-82.94724111724645,-86.17477477900684,-43.02380909025669
47,11.27579836640507,22.14020773768425,26.366294687613845,40.92946511507034
48,8.972019993700087,10.632535574026406,8.770065396092832,10.43058097641915
49,-121.71130415797234,-136.19219678640366,-143.07361270487309,-92.71585980150849
50,-22.52167753316462,-21.115475149825215,-17.199799896217883,-0.2505732970312238
51,46.831027245149016,68.51870708819479,77.9245554767549,70.216621668078
52,-120.89600596763194,-142.98011520598084,-154.13997667375952,-115.757383428514
53,-50.18571750540286,-39.212851035408676,-40.461977620609105,-11.612389362417161
54,40.26750282291323,60.926710178144276,64.59181213472039,69.22928807977587
55,-70.13808376900852,-87.4837397634983,-99.79549041762948,-79.75336655508727
56,-81.98982672858983,-81.67567513231188,-87.79789135977626,-47.724863334558904
57,8.687787597067654,19.25674487184733,23.467872221954167,39.90473252721131
58,10.344563277438283,10.512858775444329,5.434074635617435,8.904701794497669
59,-118.278075998649,-134.5055019063875,-143.30174660217017,-98.64360123127699
60,-27.847295070067048,-17.136221596971154,-15.075536721386015,3.5977837573736906
61,49.98376290779561,72.57275864016265,74.51376671716571,73.7770064258948
62,-120.42103867325932,-142.29945341404527,-151.80627910140902,-115.9817774258554
63,-46.80484794545919,-44.426271573640406,-44.67310497071594,-13.026071545667946
64,38.34145434573293,60.967849077656865,66.57021921128035,74.45018841791898
65,-67.37055780179799,-85.87558278255165,-98.70717953052372,-77.61414378043264
66,-81.25680633727461,-83.60546350944787,-88.44489405211061,-45.92597145587206
67,8.82242399547249,18.430226981639862,19.28292417153716,36.62110036611557
68,4.132589451037347,14.185440531931818,12.566063851118088,9.764878784306347
69,-121.7225238578394,-133.3610925199464,-144.0684260930866,-95.9321737634018
70,-25.39018079917878,-18.733158878050745,-14.944640222936869,3.739899955689907
71,55.324340044520795,71.91827614791691,77.98813377600163,72.34836464282125
72,-116.75219681672752,-142.57246611081064,-155.90894935280085,-114.67655234131962
73,-47.99413613136858,-40.450757920742035,-44.048541678115726,-16.90434779971838
74,42.447864497080445,55.791827538982034,69.39010377787054,70.09320496954024
75,-72.76723343785852,-85.43427458778024,-97.12894174922258,-80.2956520486623
76,-86.20095407869667,-86.69088097289205,-85.50159278698266,-45.60060015972704
77,4.401862247847021,16.06661020964384,17.24467869568616,38.894959539175034
78,14.555690627545118,19.78033086564392,12.801677548326552,16.10774910915643
79,-117.71335110533983,-132.85246612597257,-142.97637530602515,-93.86400908790529
80,-26.055882991291583,-23.523970721289515,-22.319722935557365,2.090604075230658
81,57.310226920992136,69.34522497840226,75.68435540329665,72.46056164149195
82,-124.23947652801871,-137.6245784694329,-151.7800998017192,-112.97489786148071
83,-48.69723732303828,-44.31033467501402,-44.26919577550143,-18.594782579690218
84,41.621346606872976,59.93937658984214,70.24654086772352,70.89354356005788
85,-67.76324729714543,-83.18285481445491,-87.72309336066246,-71.93323574773967
86,-81.67941503226757,-87.80163125973195,-87.17332806717604,-46.96940354350954
87,6.83279721904546,15.72253941372037,19.238045372068882,34.62025388982147
88,9.129095791839063,16.276044607162476,12.996152346022427,18.07867638580501
89,-117.29448231030256,-136.67464388068765,-142.1012387163937,-98.58750273194164
90,-29.76586374733597,-21.425886846147478,-22.17386683728546,1.4660407826304436
91,53.54040776565671,71.28249315544963,72.0716120461002,75.31784520763904
92,-121.49065006058663,-137.14961117506027,-152.57295859232545,-115.77608292829245
93,-46.25134275201708,-48.97398991975933,-44.54594837222248,-11.776944960467517
94,42.18233160022646,57.1755905225873,61.0650864765048,73.98270092345774
95,-62.08233926445246,-76.97088098805398,-93.14220839645714,-74.95133501198143
96,-84.24872630182654,-87.37902256473899,-90.14280863199383,-50.140838705934584
97,5.149842238985002,17.966479387134314,22.327202735468745,37.178345459513366
98,16.42938050534576,19.211866072379053,14.47341282851994,13.28412464261055
99,-121.86090015619993,-139.63290474563837,-151.68660230282694,-103.8645015694201
100,-27.933312769047916,-22.790950329974294,-17.929080387577415,1.5819776812568307
101,53.719922963529825,72.7036551386118,77.64406298007816,75.45996140595526
102,-117.32814140990376,-138.49223525915295,-152.69263539090753,-113.93605215009302
103,-52.8410464739427,-46.99184294324368,-47.84828003309667,-15.864655612036586
104,38.13575984816998,57.45982291921973,59.789780591614544,69.31156587880105
105,-64.61799143441021,-77.35609068349004,-87.77919185999781,-69.67433617450297
106,-83.22025381401181,-89.27141194231808,-84.47686019912362,-46.932004543952644
107,0.2505732970312238,16.990365498699248,17.618668691255152,33.70397840067744
108,14.249018831178546,23.35193532332778,18.217052684165537,19.836429364979267
109,-122.94173124339432,-138.70166965667158,-148.56004593987018,-101.11567510198802
110,-27.7911965707317,-25.150827202014625,-22.15142743755132,-0.5310657937079668
111,56.85395912639797,70.59435156360269,76.45851469412446,67.7370679974556
112,-123.21100404020399,-134.75607520341873,-151.71278160251677,-116.58390131872147
113,-48.24844932835549,-49.07496721856296,-42.848033792339265,-16.687433602288365
114,42.3169679986313,55.86288563814014,63.70171594526619,69.09839158132672
115,-65.066779429093,-77.67772207967937,-88.64684864971787,-70.78508646134287
116,-85.00044619292021,-92.51016530394554,-88.92360124643892,-52.2090033814311
117,2.247679873369634,15.438307017087936,18.47884568106383,32.10704111959785
118,20.038383962586522,22.398260834626853,20.812543253414333,18.703239678405225
119,-127.83352038543671,-139.75632144417614,-151.35749110672623,-100.09094251412898
120,-27.7911965707317,-19.900007664225996,-23.80820311792195,2.3897960716858506
121,51.84997298568487,68.64212378673255,75.20938810892403,74.5923046162352
122,-120.40981897339225,-136.11739878728986,-150.04852612223476,-113.128233759664
123,-50.02864170726389,-44.901238868013024,-49.60229311231524,-11.735806060954928
124,42.840553992427886,61.9177836664021,64.19538273941725,67.90910339541733
125,-59.4718890953809,-74.47636771760881,-87.52861856296659,-68.3279721904546
126,-87.64081556163728,-91.78836461249739,-92.18105410784483,-52.893405073322356
127,-0.11967679858207703,14.394874929450452,14.578130027279258,33.02331660874188
128,18.5274643804878,28.22502496559173,24.660900307819247,27.4209464751184
129,-122.4293649494648,-142.86417830735445,-148.7694803373888,-106.1234011426568
130,-28.58031546138227,-19.76911116577685,-24.95635240431875,2.4084955714643
131,55.64223154075444,69.29660627897829,79.95906105265021,71.32737195491791
132,-119.63191978260875,-136.5474872821942,-146.65643686242402,-112.8701806627214
133,-54.8418929502368,-46.539315048605204,-48.35316652711481,-17.70094649028033
134,32.825101911090314,57.26160822156817,63.780253844335675,70.52329346444458
135,-57.81511341501027,-72.57649854011834,-80.42280864715576,-65.59784522280097
136,-91.94918031059206,-96.75495175365359,-94.93736037518829,-52.908364673145115
137,2.8872027657926083,14.443493628874421,14.589349727146327,28.483078062534332
138,18.033797586336732,28.483078062534332,22.832089229486883,24.698299307376146
139,-123.06514794193208,-137.93499016575515,-152.38596359454095,-104.99021145608276
140,-29.3843939518556,-22.91810692846775,-24.98253170400858,-1.002293188124895
141,60.118891787715256,73.01406683493406,79.30457856040448,79.67856855597347
142,-118.89889939129353,-137.63579816929996,-156.7766061425209,-113.55084245465696
143,-51.63679868821055,-49.59107341244817,-49.8005078099668,-21.7138591427356
144,37.657052653841674,59.67758359294385,59.778560891747475,71.22265475615859
145,-60.87809147872031,-71.5891649518162,-79.30083866044879,-69.56961897574365
146,-88.94978054612875,-96.24258545972407,-97.17756044864655,-56.577206529676914
147,-1.1107502868399024,7.318984213285148,12.726879549212754,30.304409340955317
148,23.067702926695347,25.936206192709506,28.243724465370178,25.666933395899832
149,-126.96212369576097,-143.0661329049617,-151.45846840552986,-102.88090788107365
150,-28.10160826705396,-25.77165059465915,-21.115475149825215,0.19821469765156507
151,50.107179606333375,70.8486647605896,79.18116186186671,74.00140042323619
152,-115.21509793493897,-134.78599440306425,-147.15384355653077,-112.8664407627657
153,-47.45185063779354,-49.5050557134673,-50.29043470416218,-15.71879951376468
154,35.49165057949722,56.68192372843623,61.379238072782755,66.64501721039414
155,-58.43219690769911,-66.39818381331861,-79.94036155287176,-60.44426308386028
156,-89.5967832384631,-99.40654082223773,-99.96378591563553,-58.585532805882394
157,4.43926124740392,10.43058097641915,16.653774502687156,30.895313533954322
158,20.9359599519521,29.44797225110233,27.533143473789096,26.740284683182836
159,-122.59392054751515,-142.9950748058036,-147.87938414793462,-103.32969587575644
160,-26.452312386594713,-23.00038472749293,-23.101362026296556,2.621669868938625
161,57.336406220681965,75.72175440285355,74.54368591681123,77.5169063815847
162,-112.39895326830447,-134.6588378045708,-146.4769216645509,-111.28072318155318
163,-51.45354359038174,-48.00535583123565,-49.329280415549874,-16.728572501800954
164,32.56704881414771,52.27632158063352,58.72016920428723,69.67059627454728
165,-55.60857244115323,-64.24774133879691,-75.41134270653129,-58.43219690769911
166,-90.44574052840471,-93.77051158901304,-98.9353134278208,-55.99378213658929
167,-0.643262792378664,8.010865705087781,12.08361675683409,30.805555935017765
168,23.101362026296556,33.68527890089899,33.991950697265565,32.013543620705605
169,-123.81686783302575,-142.81555960793048,-152.554259092547,-110.15501329489052
170,-30.349288140423596,-25.438799498602748,-26.467271986417472,-0.8377375900745392
171,54.61001915298402,72.38202374242246,75.95362820010632,76.38745659496635
172,-116.10519412439317,-130.51876855362207,-143.75427449680865,-111.65471317712218
173,-53.05422077141702,-50.959876796230674,-50.81776059791446,-22.633874531835318
174,38.823901440016925,55.328079944476485,58.121785211376846,68.73188138566911
175,-56.30419383291155,-61.18850317504257,-71.8472180487588,-58.189103410579264
176,-91.45925341639668,-96.27624455932528,-97.7123661423102,-61.49891487136483
177,4.110150051303208,8.119322803802788,12.805417448282242,29.620007649064064
178,26.886140781454742,30.094974943436682,32.21549821831286,30.887833734042943
179,-129.42297786660492,-143.54110019933432,-154.4429085701704,-107.20423222985119
180,-30.753197335638106,-23.658607119694352,-22.95176602806896,-3.1265563629567623
181,48.091373530216515,71.33485175482929,74.13977672159672,74.14351662155241
182,-113.80515565164387,-138.03970736451447,-149.0724122337997,-111.48267777916044
183,-48.39056552667171,-51.99582908395678,-49.63221231196076,-18.84535587672144
184,32.454851815477014,50.062300806865096,55.80678713880479,62.64706415776163
185,-53.26365516893566,-62.598445458337665,-70.20540196821094,-59.98425538931042
186,-95.7863176651299,-98.27709103561938,-103.0118043795228,-58.566833306103945
187,-1.3912427835166454,10.101469780318439,8.964540193788707,31.882647122256458
188,28.90942665748298,32.742824112065136,35.7197844767943,28.883247357793152
189,-126.89480549655855,-143.2905269023031,-152.4084029942751,-106.4936512382701
190,-35.6823854772374,-27.880954169668257,-23.049003426916897,-1.2827856848016381
191,52.84852627385408,73.54139272868633,77.61788368038833,75.19816840905696
192,-115.00566353742033,-129.434197566472,-145.93089627102017,-105.8279490461573
193,-53.43943046685308,-50.873859097249806,-54.03781445976347,-20.008464762941003
194,30.6073412373662,48.7271565226838,54.150011458434165,63.45862244814634
195,-44.897498968057334,-60.186209986917675,-70.5868717636913,-56.01996143627912
196,-92.56626380328089,-97.58894944377244,-100.65192750748247,-61.723308868706226
197,-2.1429626746103168,7.719153508543968,9.297391289845109,31.239384329877794
198,78.15081942407414,94.5801999294199,89.82678708573803,67.79503644676879
199,-68.78237003507093,-87.8035012097098,-97.93863008962944,-73.58440157817677
200,21.697029592934996,31.2188148801215,23.07331277662888,30.579291987698525
201,102.57984593464062,128.444994028192,136.25764503562823,110.14192364504561
202,-60.48727193335071,-78.65944581804797,-88.89181209681556,-74.5717351664789
203,-1.3332743342034519,0.2449634470976889,3.386479409877211,18.177783734630793
204,87.02934191888198,107.19862237991765,113.00668701110408,94.74475552747026
205,1.292135434690863,-0.6787918419577181,-14.030234683770686,-20.814413203392178
206,-43.14161593886092,-46.02881870465353,-49.40220846468583,-28.264293915126473
207,44.97790681710467,60.89492102852091,62.15526731358841,62.368441611062735
208,82.08893407741562,92.39983825525269,90.80664087412879,68.25504414131865
209,-77.3130818339996,-89.73328958684579,-101.62617144593969,-78.5360291195102
210,14.235929181333631,25.11529815243557,26.31206613825634,31.708741774316877
211,104.96590210637078,127.9288878343068,127.41652154037729,108.97507485887036
212,-62.09542891429737,-76.15745274769142,-89.2807616922073,-78.25179672287777
213,-6.4606771734543145,2.447764520999044,1.5464486316777766,10.63066562404856
214,81.0567216896452,106.1776296920143,103.57465932285413,96.42023070761934
215,1.9840169264934957,-2.171011924277991,-11.229049616958946,-16.30409385683015
216,-42.217860649805516,-45.35189681267366,-48.94220077013597,-23.873651367146522
217,46.62346279760823,63.78586369426921,62.58161590853706,59.185786748770624
218,80.31996139837429,96.38283170806244,92.97578284842893,74.95320496195927
219,-75.3496343572624,-89.03018839517608,-106.82837228430435,-82.63495947094634
220,19.12023852346465,29.719114997889847,28.051119617652148,33.90406304830685
221,103.20066932728514,129.38370891707018,136.53813753230497,110.53087324043736
222,-56.795990677084774,-72.66064628912136,-90.29801448015496,-74.03318957285956
223,-4.201777600217611,1.613766830880195,-1.5501885316334665,12.998022296000272
224,86.56559432437643,103.87011141935363,107.91294327145442,97.66935729281977
225,6.685071170795709,1.3781531336717308,-10.525948425289243,-15.447656766977161
226,-41.23800686141476,-44.74977291980758,-53.497398916166276,-27.729488221462816
227,45.32197761302814,59.178306948859245,58.90155435213819,58.351789058651775
228,86.79746812162921,98.57441308209673,96.49502870673314,74.02196987299249
229,-77.69829152943566,-90.99737577186897,-98.05456698825583,-74.4595381678082
230,21.97752208961174,22.70306268101558,19.797160415444523,30.081885293591768
231,102.20211603911594,124.04313178034499,127.98498633364215,105.3997305012308
232,-57.525271168444306,-70.9066332099028,-83.25204296363518,-74.59417456621304
233,-7.792081557679921,1.9129588273353875,1.3781531336717308,7.2236167644150555
234,78.43131192075089,101.07640615245327,107.41179667739198,97.437483495567
235,11.012135419528931,2.8778530159033835,-7.231096564326435,-14.70715657575056
236,-43.62780293310061,-49.84351665945724,-49.30871096579358,-29.99960749456659
237,43.69138123234734,58.92025385191664,56.62769517907873,56.91940737562254
238,82.00291637843475,99.8833780665882,96.74186210380867,75.19629845907912
239,-84.3553134505637,-92.15674475813285,-103.97856851806864,-79.1680722120218
240,16.012381660286337,28.668203110340983,28.02494031796232,31.738660973962396
241,100.77347425604239,123.74767968384549,126.60122335003689,106.83585208421573
242,-58.15357436100021,-74.39221996860579,-87.21633691666648,-73.5357828787528
243,-6.105386677663773,-2.245809923391789,-4.560807995963842,9.957483632024378
244,83.73822995787486,104.23288171505556,106.18136959197,98.86612527864054
245,12.758668698836118,5.880992680322379,-6.995482867117971,-13.338353191968054
246,-46.9675335935317,-50.42320115258917,-52.10615613264963,-33.414136154111475
247,43.063078039791435,56.343462782446295,59.27180444775149,57.77210456551984
248,83.92148505570367,98.47717568324879,96.62966510513797,75.5740283546038
249,-75.85826075123623,-87.79602140979841,-96.96625610115007,-77.78056932846084
250,19.404470920097083,25.09285875270143,22.957375878002495,32.153789869043976
251,102.35171203734353,127.20708714285865,120.02273932797834,108.51132726436481
252,-57.25599837163463,-71.54615610232577,-73.08699488407001,-73.00097718508914
253,-6.2175836763344705,1.80824162857607,-1.8269411283545196,13.828280086163431
254,77.89650622708723,104.49093481199816,107.3669178779237,94.16881093429402
255,12.006948807742447,8.476483249571174,-3.453797609079629,-11.124332418199629
256,-46.82915729517117,-49.61538276216015,-55.180353896226734,-32.29964596731588
257,40.32173137227073,54.03594450978562,58.49764515692368,57.47291256906465
258,83.66717185871676,100.87071165489033,95.10378592321649,74.6091341660358
259,-75.7946824519895,-89.27702179225162,-102.20959583902732,-78.12464012438431
260,19.49422851903364,25.762300844769925,25.762300844769925,27.022647129837424
261,101.98146194173023,124.13662927923724,131.448133692611,112.63269701553509
262,-49.937014158349484,-69.6836859243922,-87.06300101848319,-72.60454778978601
263,-5.630419383291155,-2.171011924277991,-2.088734125252813,12.68013079976663
264,83.12862626509741,99.92451696610078,103.59709872258827,93.08423994714394
265,12.534274701494724,6.326040775049478,-0.8508272399194539,-8.857953045051545
266,-48.13812227966264,-51.79574443632737,-58.03015766246244,-36.41727581853047
267,41.3352442602627,59.86644854070619,57.46543276915327,58.18723346060142
268,89.34433999145404,104.95468240650371,103.69059622148052,81.02680248999968
269,-78.23309722309932,-92.27642155671492,-106.68999598594382,-75.39451315673068
270,11.812474010046571,24.991881453897804,23.98584836581722,28.42136971326545
271,98.64921108121052,125.49421296315268,130.92454769881442,109.33410525461659
272,-58.90155435213819,-69.72482482390478,-83.39789906190708,-71.89770669816062
273,-5.04699499020353,2.2383301234804094,-4.523408996406943,10.174397829454392
274,82.14503257675096,103.38018452515826,103.03985362919047,96.93259700154886
275,17.57565984176472,9.303001139778644,-1.486610232386738,-12.994282396044582
276,-49.948233858216554,-52.04631773335859,-58.53878405643627,-31.787279673386365
277,39.820584778208286,51.33573674177751,52.89901492325589,52.61478252662346
278,83.63725265907124,103.18570972746238,99.77866086782888,75.3159752576612
279,-77.94886482646689,-90.32419377984479,-104.22914181509987,-83.51009606057778
280,12.485656002070755,23.825032667722553,19.352112320717424,25.350911849644035
281,103.00993442954496,124.35354347666726,128.95736032212153,112.98424761136994
282,-60.012304638978094,-67.12185445474461,-83.74944965774193,-68.902046833653
283,-2.488903420511633,-3.3191612106747925,-3.745509805623442,10.29407462803647
284,81.18387828813866,98.75392827996984,105.31371280224994,93.40587134333327
285,18.33859943272546,16.909957649651915,6.565394372213632,-4.994636390823871
286,-50.07539045671001,-56.10036928532645,-62.58535580849275,-38.50040009384975
287,39.843024177942425,52.22209303127602,44.76099261967465,50.19506725529209
288,86.3187609273009,103.44376282440498,103.72051542112604,79.64303950639442
289,-82.90049236780033,-91.2853480684571,-103.50360122369602,-82.1674719764851
290,18.039407436270267,22.175736787263304,29.674236198421568,26.33076563803479
291,104.6629702099599,127.47635993966833,131.50049229199067,109.41264315368608
292,-50.96548664616421,-67.05453625554219,-77.70203142939135,-70.57378211384639
293,-5.989449779037386,1.123839936684817,-6.815967669244856,9.703170435037464
294,83.9476643553935,101.18860315112397,104.72654850920662,96.34169280854985
295,13.214936493430287,16.102139259222895,6.875806068535894,-2.5225625201128423
296,-50.307264253962785,-51.82940353592858,-58.98009225120768,-32.82697186106816
297,37.53176600532606,47.17322809109464,50.40824155276641,51.892981835175306
298,89.43783749034628,109.62955735111609,107.35943807801232,84.60588674759492
299,-77.53373593138531,-92.6541514522396,-102.89399753091857,-81.45315108494833
300,17.11939204717055,24.217722163069993,22.590865682344884,26.992727930191904
301,102.84911873145029,125.5577912623994,131.5266715916805,109.94744884734973
302,-49.42464786441997,-64.48522498598322,-81.63266628282145,-71.28436310542747
303,-13.267295092809945,-9.168364741373807,-12.68761059967801,5.2938283872790635
304,76.71469784108922,96.99617530079558,110.88990363618359,91.33022686792538
305,21.08368600020185,24.501954559702426,12.717529799323529,1.774582528974861
306,-51.72842623712495,-51.71346663730219,-61.72891871863976,-38.13014999823645
307,42.55445164581761,52.42030772892758,49.514405463356525,53.516098415944725
308,92.36617915565148,105.35111180180684,103.660677021835,85.54460163647309
309,-77.6122738304548,-92.51951505383477,-106.75731418514624,-83.27074246341363
310,12.908264697063714,23.15559057565406,20.130011511500925,26.82443243218586
311,98.70530958054587,125.64754886133596,131.0479643973522,109.89509024797007
312,-51.19362054346129,-66.80022305855528,-83.38293946208432,-69.9791380208917
313,-6.430757973808795,-4.471050397027284,-5.391065786127001,5.697737582493573
314,81.40453238552436,98.59311258187518,101.64861084567383,91.21428996929899
315,23.92974986648187,15.948803361039609,8.412904950324446,2.253289723303169
316,-56.751111877616495,-55.71889948984608,-59.552296944428235,-40.699461267795414
317,35.5533589287661,48.4859329755418,52.8578760237433,52.59234312688932
318,95.85924571426585,109.2555673555471,112.75611371407285,88.27846850408241
319,-78.84644081583247,-85.89241233235225,-104.64427071018144,-77.71699102921411
320,15.443916867021471,22.31037318566814,18.469495931174606,34.43886874197051
321,98.26774128573015,123.90101558202878,124.31614447711036,100.2536281622015
322,-54.12944200867787,-68.39342043967918,-83.38667936204001,-74.51189676718786
323,-11.206610217224807,-8.996329343412071,-2.7095575178973377,7.515328960958868
324,71.89022689824924,93.72002293961123,97.16447079880163,87.30235461564735
325,19.49422851903364,21.812966491561383,11.565640612971038,0.7012312416918576
326,-54.10700260894373,-57.4916120688431,-64.88913418119773,-41.17442856216803
327,45.019045716617256,51.952820234466344,53.21316651953384,53.508618616033345
328,96.31177360890433,105.54558659950271,106.28234689077362,86.21778362849727
329,-78.8688802155666,-91.40876476699486,-102.53496713517234,-82.5377220720984
330,11.730196211021394,22.624524781946093,27.92396301915869,28.627064210828394
331,105.7737204967998,126.52642535092309,128.02612523315474,106.83959198417142
332,-49.75375906052068,-62.65641390765086,-72.98601758526638,-68.55797603772953
333,-13.85819928580895,-4.265355899464339,-10.103339730296284,3.7604694054462016
334,75.92557895043865,96.80918030301109,95.64233151683584,92.79252775060013
335,22.845178879331797,26.7720738328062,14.422924179118127,3.2032243120484054
336,-57.25225847167894,-59.76547124190256,-71.95006529754028,-45.55011151032522
337,36.619230416137725,51.67606763774529,45.890442406293005,47.457460487727076
338,94.06035383557901,106.772273784969,111.56682552816346,91.56210066517815
339,-77.48137733200565,-94.1014927350916,-102.93139653047547,-81.32225458649918
340,13.401931491214782,22.811519779730588,25.844578643795103,34.14341664547101
341,99.96191596565768,126.08511715615168,126.39552885247394,110.72534803813323
342,-47.449980687815696,-59.514897944871336,-74.91206606244668,-67.22657165350392
343,-15.032527871895581,-9.935044232290238,-10.739122722763568,6.154005377087742
344,74.96442466182634,96.39031150797382,103.14831072790548,89.89784518489614
345,33.358037654776126,24.31121966196224,15.320500168483704,3.0311889140866697
346,-51.545171139296144,-58.16479406086728,-66.56460936134681,-43.53056553425267
347,32.40810306603089,48.05958438059315,45.37059631245211,45.23222001409158
348,93.46196984266862,111.48828762909397,117.71148115536198,89.8380067856051
349,-74.75499026430771,-88.22610990470275,-101.91414374252781,-84.243116451893
350,19.400731020141393,28.084778717253357,21.027587500866503,30.75132738566026
351,103.45124262431636,125.23989976616576,122.6668485966511,111.86227762466297
352,-49.069357368629426,-60.0459637385793,-76.44916494423524,-66.08216226706281
353,-15.698230064008385,-11.116852618288249,-9.003809143323451,2.892812615726143
354,70.2745901173912,93.14033844647929,99.2139359745197,85.52590213669464
355,31.087918381672353,29.737814497668296,15.802947262767702,8.386725650634617
356,-58.12365516135469,-64.56376288505271,-69.29099642904475,-45.17986141471192
357,39.038945687469095,49.043178068939596,53.71431311359629,53.28796451864764
358,89.9502037842758,110.2167216441594,110.63559043919668,90.90761817293242
359,-80.32370129832998,-94.20247003389522,-104.20296251541004,-84.02994215441868
360,12.612812600564212,21.644670993555337,17.758914939593524,27.026387029793113
361,102.08617914048955,125.5615311623551,127.10236994409934,109.49492095271125
362,-45.864263106603175,-59.952466239687055,-80.23020379943773,-68.4981376384385
363,-13.85071948589757,-15.372858767863363,-10.365132727194577,-0.6077337427996099
364,69.66124652465805,95.025248024147,96.68576360447332,88.45050390204415
365,26.472881836351007,32.33330506691709,23.20794917503372,6.905725268181413
366,-56.88200837606564,-63.04536350304261,-67.72397834761068,-47.820230783429
367,37.18021540949121,48.44105417607352,49.6714812614955,49.75749896047637
368,97.5085415947251,116.23422067286447,113.24604060826823,94.68491712817922
369,-75.73484405269846,-94.70361662795767,-105.698922497686,-84.60588674759492
370,16.431250455323607,21.382877996657044,18.813566727098078,29.315205802675337
371,99.03442077664658,121.17836841428652,128.1869409312494,111.72390132630244
372,-46.77305879583582,-59.107248849701136,-71.19086560653523,-68.24008454149589
373,-19.45308961952105,-9.44885723805055,-15.051227371674031,4.9310580915771425
374,69.73978442372754,91.49478246597573,95.61615221714601,87.22755661653355
375,32.172489368822426,33.16356285708025,25.362131549511105,14.30698728049174
376,-58.82675635302439,-64.99385137995705,-74.24262397037819,-46.4476874996908
377,29.92854939540848,46.02133890474215,43.463247335050255,49.155375067610294
378,90.79168127430603,113.23108100844547,118.42580204689875,94.45678323088214
379,-75.84704105136916,-90.77672167448327,-105.74754119710997,-85.4660637374036
380,14.946510172914714,21.031327400822192,23.305186573881656,23.308926473837346
381,104.33385901385918,127.12854924378917,130.1503884079866,107.34821837814525
382,-40.5199460699223,-59.64205454336479,-75.63012685393915,-66.88624075753614
383,-19.90561751415953,-14.422924179118127,-19.53162751859054,2.8853328158147633
384,72.29787599341944,89.26580209238455,91.64811836415902,84.13839925313368
385,29.348864902276546,32.43428236572072,21.020107700955123,11.629218912217766
386,-56.302323882933706,-67.66787984827533,-67.82869554637,-43.743739831727
387,38.10023079859093,45.501492810901254,46.634682497475296,45.20978061435744
388,97.95732958940789,117.65912255598232,120.05265852762386,93.71628303965554
389,-74.93450546218082,-92.8411464500241,-105.19029610371217,-81.7635627812706
390,14.138691782485694,20.444163107778877,17.44476334331557,24.644070758018643
391,103.46246232418343,124.47696017520502,130.06437070900574,106.48430148838088
392,-47.861369682941586,-58.25829155975953,-70.74581751180813,-64.64978058403358
393,-17.343786044511944,-14.052674083504826,-11.10189301846549,1.6586456303484738
394,74.66149276541546,92.63171205250546,101.16242385143414,91.15819146996364
395,37.782339302357286,38.09649089863524,29.24788760347292,13.308433992322534
396,-59.39522114628926,-62.49559820955619,-77.2382838348858,-49.72009996091947
397,31.13279718114063,46.672081497032195,45.471573611255735,45.131242715287954
398,95.96022301306948,121.72065390786156,119.75720643112436,98.92222377797589
399,-74.9045862625353,-93.26188519503921,-105.53997674956918,-82.71349737001583
400,9.770488634239882,17.622408591210842,14.86984222382307,26.106371640693396
401,100.11899176379666,120.34250077418983,130.16347805783153,110.55705254012719
402,-38.31714499602094,-55.04010764788836,-65.63524422235787,-61.37736812280491
403,-21.55491339461878,-9.68634088523686,-17.76078488957137,2.6123201190494
404,67.96333194477484,89.54816453903913,94.76532497722656,85.9111118321307
405,37.17647550953552,41.655005706474185,30.63726043701172,17.422323943581432
406,-59.675713642966,-68.16715649235994,-70.56443236395717,-50.16888795560226
407,33.97138124750927,41.247356611303985,42.66103879455477,42.47217384679243
408,100.50794135918841,119.58330108318478,113.95849154982716,99.15035767527297
409,-78.97359741432592,-92.49894560407847,-104.69849925953895,-84.84150044480339
410,9.763008834328502,17.790704089216888,15.221392819657922,21.86532509094104
411,104.64427071018144,124.54614832438529,127.56050768867135,106.39828378940001
412,-38.0366524993442,-49.91644470859319,-72.72609453834593,-60.83134272927418
413,-16.999715248588473,-14.559430527500808,-21.934513240121305,1.4679107326082885
414,75.39451315673068,86.75819917209446,89.53694483917207,79.03717571357265
415,37.54298570519313,42.79567519295961,29.657406648620963,15.806687162723392
416,-65.6071949726902,-69.63693717494607,-74.59978441614658,-53.071050321217626
417,28.81779910856858,44.437491273507476,45.2079106643796,46.8179375953041
418,96.5847863056697,122.29846845101565,118.868980191648,100.77721415599808
419,-76.43046544445679,-93.16464779619128,-101.77389749418944,-85.15939194103703
420,12.552974201273173,19.552196968346834,18.318029982969165,28.103478217031807
421,97.75537499180064,126.19170430488884,127.20147729292512,109.43508255342022
422,-36.12930352194235,-56.524847930297256,-71.09175825770944,-63.636267696041614
423,-22.665663681458682,-18.721939178183675,-20.91726045217365,-1.7858022288419306
424,66.95355895673856,88.89742194674909,93.41896099317819,86.52071552490816
425,41.63817615667358,48.9852096196264,38.52096954360604,20.68351670494303
426,-64.10749509045854,-73.15618303325027,-81.35778363607824,-54.787664400879294
427,29.464801800902933,42.15241240058094,43.4651172850281,41.5558983576484
428,95.12996522290632,121.15405906457454,118.12474010046571,102.97253542998806
429,-75.79094255203381,-92.36804910562932,-108.18408601824194,-82.95659086713567
430,11.03457481926307,15.812297012656927,15.868395511992276,23.058353176806122
431,97.86383209051564,120.48461697250605,123.34190053865314,108.9227162594907
432,-36.570611716713756,-47.56778753641993,-64.7339283330366,-57.03908417420462
433,-21.55117349466309,-17.64858789090067,-22.057929938659072,-2.1560523244552314
434,74.91580596240237,88.05968435667455,88.16440155543387,79.91231230320409
435,40.662062268238515,43.84658708050847,38.18437854759395,24.4009772608988
436,-63.02292410330847,-71.54428615234792,-73.30203913152218,-54.17806070810184
437,30.79246628517285,43.38283948600292,40.20766442362219,41.33898416021839
438,98.20790288643911,121.84594055637717,122.6126200472936,101.74584824452177
439,-70.39426691597328,-86.07379748020321,-101.66918029543012,-81.70372438197955
440,13.787141186650842,18.46762598119676,19.413820669986308,25.343432049732655
441,98.60059238178656,123.55507483612746,124.84160042088479,109.0349132581614
442,-34.52862634090707,-46.25134275201708,-56.85021922644228,-54.742785601411015
443,-23.19672947516665,-20.50587145704776,-26.58694878499955,-5.922131579834968
444,65.6071949726902,84.484339999035,90.54671782720834,81.80844158073887
445,39.24464018503204,44.093420477584004,43.9475643793121,22.71054248092696
446,-61.152974125463516,-68.89643698371947,-76.11818379815668,-54.754005301278085
447,30.227741391863674,41.88687950372696,37.986163849942386,39.95522117661312
448,102.20211603911594,122.92677164357156,121.26251616328955,101.71592904487625
449,-78.27423612261191,-95.37118877004832,-102.7500113826245,-83.9850633549504
450,9.134705641772598,19.29414387140423,14.832443224266171,19.239915322046727
451,94.77093482716009,122.94547114335,131.86887243762612,109.5173603524454
452,-38.72105419123545,-53.01682177186012,-59.29985369741917,-60.30027693556622
453,-20.70595610467717,-15.255051919259131,-20.812543253414333,-1.5875875311903656
454,68.10170824313536,85.38191598840058,90.50557892769575,81.78600218100473
455,47.7080337847583,46.864686344750226,41.72606380563229,20.956529401708394
456,-63.46423229807988,-71.73502105008811,-79.02408606372774,-54.746525501366705
457,27.849165020044893,37.72811075299978,33.31502880528569,39.52513268170878
458,97.69927649246529,120.82868776842952,119.242970187217,101.031527352985
459,-73.84993447503075,-85.16874169092625,-102.97066548001021,-80.66777209425345
460,11.46092341421172,19.110888773575425,16.84076950047165,29.057152705732733
461,101.2521814503707,121.75244305748492,129.64737186394632,114.0351594989188
462,-30.227741391863674,-45.278968763537705,-61.67095026932657,-57.69356666645035
463,-25.642624046187848,-21.504424745216966,-19.432520169764757,-2.4253251212649047
464,64.94149278057739,84.43572129961103,89.18539424333721,80.86598679190502
465,40.43392837094143,49.94636390823871,45.38368596229702,23.869911467190832
466,-67.82869554637,-73.80692562554032,-80.3741899477318,-54.84750280017033
467,28.03616001782939,41.03792221378535,44.18691797647625,39.053905287291855
468,98.28270088555291,122.52286244835705,125.1707116169855,99.52060777088627
469,-74.32116186944768,-86.42160817608237,-105.00891095586121,-80.166625500191
470,10.163178129587322,16.713612901978195,13.340223141945899,24.673989957664162
471,100.5116812591441,122.80335494503379,123.21474394015968,110.90486323600635
472,-33.63479025149718,-46.5767140481621,-60.63873788155615,-54.19676020788029
473,-24.36731816129759,-23.33323582354933,-25.38644089922309,-3.7679492053575814
474,60.55085023259744,82.32267782464623,83.5605847099796,80.60045389505103
475,49.940754058305174,51.1356520941481,43.10234698932618,27.94266251893714
476,-59.36530194664374,-74.64840311557055,-84.20758740231395,-56.298583982978016
477,29.734074597712606,37.79916885215789,37.76176985260099,39.012766387779266
478,110.45981514127925,121.22511716373265,119.86005367990583,101.05770665267482
479,-75.63760665385053,-89.64540193788707,-103.62888787221164,-84.35905335051939
480,3.41639860952273,14.52203152794391,17.038984198123217,18.869665226433426
481,95.82184671470895,123.65605213493109,125.17819141689688,105.57550579914823
482,-34.28553284378722,-42.23095029965043,-53.704963363707066,-47.876329282764345
483,-18.70884952833876,-18.14599458500743,-26.11572139058262,-4.291535199154168
484,69.21245852997527,85.92420148197562,85.38191598840058,80.61541349487379
485,51.062724045012146,55.03262784797698,42.76575599331409,36.49581371759996
486,-66.88624075753614,-77.28503258433193,-84.97426689323038,-57.82820306485519
487,24.860984955448657,37.55607535503805,36.24711037054658,39.3717967835255
488,103.59709872258827,127.4296111902222,129.41549806669354,102.82667933171615
489,-74.16034617135301,-94.7092264778912,-103.55782977305353,-84.07482095388696
490,7.635005759540945,19.215605972334743,15.083016521297395,24.647810657974333
491,95.04020762396976,122.27228915132582,127.16781819332391,112.6289571155794
492,-31.005640582647175,-41.606387007050216,-54.23602915741503,-57.577629767823964
493,-23.009734477382153,-19.166987272910774,-24.18967291340232,-9.265602140221745
494,64.2720506885089,82.65552892070264,85.99151968117803,80.2414234993048
495,55.41970749339089,49.55367441289127,49.95758360810578,27.789326620753855
496,-66.24671786511317,-76.24160049669445,-84.67881479673088,-58.66594065492973
497,26.618737934622914,35.644986477680504,37.34664095751941,38.40316269500181
498,99.33735267305747,125.3913657143712,127.90457848459482,105.17159660393372
499,-72.91869938606396,-88.23171975463629,-100.61452850792557,-83.73075015796348
500,9.740569434594363,15.879615211859345,16.391981505788863,27.306879526469857
501,98.1405846872367,119.96477087866515,122.62757964711636,106.8096727845259
502,-27.879084219690412,-36.445325068198144,-51.659238087944686,-50.722393149044365
503,-24.39349746098742,-22.18508653715253,-26.49719118606299,-5.84359368076548
504,60.782724029850215,80.1497959503904,83.63538270909339,75.48427075566724
505,50.7822315483354,56.77542122732848,50.64946509990841,31.62272407533601
506,-62.94064630428329,-74.42400911822915,-81.57469783350825,-63.9018005928956
507,24.154143863823265,35.82824157550931,38.50974984373897,39.472774082329124
508,102.92765663051978,121.4644707608968,118.51742959581316,100.48924185940996
509,-79.93475170293823,-90.10914953239262,-102.80236998200417,-83.85042695654556
510,4.822600992862135,13.579576739110053,11.346856465563178,23.727795268874615
511,95.78070781519637,120.85112716816366,126.73024989850819,112.32602521916851
512,-29.1805694042705,-37.71315115317702,-52.31746048014611,-50.714913349132985
513,-23.428603272419423,-22.58151593245566,-25.7903500944376,-3.2742824112065136
514,63.00422460353002,78.94180826470256,81.12590983882546,80.9108655913733
515,49.858476259279996,56.62208532914519,56.07605993561447,39.31195838423446
516,-72.68682558881119,-78.17512877378613,-85.34451698884368,-62.349742111284286
517,29.14691030466929,40.14408612437546,38.90991913899779,41.52971905795857
518,102.67708333348855,120.30136187467724,122.0217158542946,98.57815298205242
519,-69.6425470248796,-87.01251236908138,-103.48677167389542,-86.99942271923646
520,10.866279321257025,13.097129644826055,8.362416300922632,23.18176987534389
521,92.22780285729095,115.2786762341857,121.4644707608968,100.5453403587453
522,-30.36237779026851,-36.11995377205312,-50.20441700518131,-50.662554749753326
523,-22.897537478711456,-23.871781417168677,-28.296083064749837,-8.072574054356664
524,65.17336657783017,78.41074247099459,81.26428613718599,76.44168514432386
525,56.18638698430732,65.85215841978788,56.39395143184811,40.602223868947476
526,-66.7179452595301,-75.77411300223321,-85.25849928986281,-57.00542507460341
527,29.401223501656204,37.73559055291116,37.82534815184772,40.254413173068315
528,101.19608295103535,125.0211156187579,124.3554134266451,105.10053850477561
529,-76.96153123816475,-92.48024610430002,-106.77414373494685,-89.70711028715596
530,1.6212466307915747,11.182300867512822,12.925094246864319,19.763501315843314
531,94.69987672800198,117.70961120538414,123.93280473165214,105.41095020109788
532,-25.006841053720564,-32.454851815477014,-48.940330820158124,-49.41716806450859
533,-27.17224312806502,-23.897960716858506,-27.31622927635908,-9.273081940133125
534,57.637468167115,79.09514416288584,80.04133885167539,73.9060329743661
535,63.37821459909901,60.33206608518958,54.0265947598964,35.08213153434917
536,-72.59332808991894,-76.53331269323826,-79.94036155287176,-61.74761821841821
537,22.575906082522124,36.026456273160875,34.754890288226306,37.09793761046603
538,100.2498882622458,124.12727952934802,126.34504020307213,106.59649848705158
539,-70.02401682035998,-84.20010760240257,-101.87861469294876,-77.13356663612649
540,4.837560592684895,10.666194673627615,7.25166601408273,22.75542128039524
541,94.26978823309764,118.21075779944658,118.80914179235697,104.45727571239695
542,-25.728641745168716,-31.43011922761798,-46.02320885472,-47.81275098351762
543,-31.061739081982523,-24.361708311364055,-31.7928895233199,-13.551527489442378
544,59.87018844066188,80.54248544573784,79.09888406284153,77.63471323018894
545,62.353482011239976,64.21034233924001,59.09789909981191,41.34272406017408
546,-69.1638398305513,-80.14605605043471,-88.41871475242078,-66.05598296737298
547,30.074405493680388,36.73329736478627,39.684078429825604,39.74952667905018
548,102.37041153712198,121.14657926466316,125.88877240847796,101.90666394261643
549,-73.79757587565109,-89.83239693567157,-95.49834536854178,-82.65365897072479
550,1.8456406281329691,11.27953826636076,14.017145033925772,24.086825664620847
551,94.63255852879956,117.7245708052069,120.1667254762724,110.59819143963978
552,-14.976429372560233,-30.95515193324536,-41.0940207131207,-42.88730274187401
553,-26.00165444193408,-28.692512460052967,-29.74716424755752,-11.300107716117054
554,61.201592824887484,75.46370130591094,76.44729499425739,71.5349364024587
555,57.39811456995085,65.14531732816249,61.17354357521981,43.089257339481264
556,-69.47051162691787,-77.09429768659174,-89.36490944121033,-65.28930347645655
557,23.323886073660105,34.29488259367645,32.49973061494529,38.79211229039356
558,102.03756044106558,123.95898403134197,125.89625220838934,105.00704100588337
559,-63.969118792098016,-87.3378836652264,-105.48013835027814,-82.00665627839044
560,4.658045394811779,10.183747579343617,12.165894555859268,21.016367800999433
561,90.44387057842687,115.32729493360966,122.93799134343863,102.78928033215925
562,-27.864124619867653,-32.09582141973078,-42.70591759402305,-41.843870654236525
563,-30.78124658530578,-24.90399380493909,-30.869134234264493,-12.971842996310443
564,60.330196135211736,76.06956509873271,77.46454778220505,74.24262397037819
565,61.713959118817,70.11564436927438,60.926710178144276,45.27335891360417
566,-70.11003451934084,-85.41931498795748,-89.35742964129895,-69.82206222275272
567,25.55286644725129,36.58744126651436,37.06988836079836,36.611750616226345
568,104.24784131487831,128.07661388255656,127.71758348681033,103.3278259257786
569,-66.58704876108095,-83.1529356148094,-97.78342424146831,-77.56739503098652
570,6.505555972922593,11.159861467778683,10.583916874602437,22.160777187440544
571,93.98555583646521,115.74616372864693,116.28470932226628,106.80593288457021
572,-24.7338283569552,-30.65595993679017,-42.18981140013784,-46.06995760416612
573,-30.8111657849513,-26.93475948087871,-35.88434007484466,-10.462370126042515
574,62.49559820955619,74.15473632141948,75.01117341127247,74.02196987299249
575,62.15152741363272,69.37514417804778,68.67578288633376,51.485332740005106
576,-70.25215071765706,-79.35693715978414,-90.22508643101901,-63.72976519493386
577,18.933243525680155,30.891573633998632,26.91605998110026,33.87040394870564
578,103.61205832241103,131.10967274662107,134.23996900953352,108.43652926525101
579,-74.46701796771958,-83.05569821596146,-98.47156583331525,-81.59152738330886
580,5.630419383291155,9.413328188471496,10.654974973760545,21.14352439949289
581,89.77442848635837,114.50451694335788,118.22197749931365,103.1034319284372
582,-18.544293930288404,-25.580915696918964,-42.866733292117715,-36.215321220923215
583,-30.152943392749876,-29.72098494786769,-34.95310498587787,-12.840946497861296
584,54.88864169968292,73.38431693054736,69.92864937148988,66.7179452595301
585,59.42140044597909,69.30782597884536,70.97208145912737,43.508126134518534
586,-73.12439388362691,-83.893435806036,-90.22508643101901,-65.74931117100641
587,26.888010731432587,35.40937278047204,37.95250475034118,38.74349359096959
588,106.66755658620968,125.73169661033899,128.5441013770178,105.11923800455406
589,-68.61781443702057,-81.69437463209033,-98.5650633322075,-79.33262781007215
590,2.503863020334393,8.788764895871282,12.50622545182705,19.14641782315448
591,88.92547119641677,113.9061329504475,115.95185822620988,102.86407833127305
592,-12.822246998082846,-23.452912622131407,-33.67031930107623,-36.79126581409946
593,-29.034713305998594,-31.72557132411748,-38.68178524170071,-14.613659076858312
594,60.019784438889474,69.48734117671847,68.74684098549187,69.69490562425926
595,60.89492102852091,73.17114263307303,67.24340120330453,49.40594836464152
596,-74.88214686280116,-82.30397832486778,-89.42474784050137,-69.44807222718373
597,27.781846820842475,35.570188478566706,35.08774138428271,36.28263942012563
598,102.20585593907163,127.69514408707619,131.92871083691716,105.11549810459837
599,-68.8683877340518,-82.7041476201266,-94.14824148453772,-80.70143119385466
600,-120.25648307520896,-137.18327027466148,-141.9217235185206,-93.5648170914501
601,52.29876098036766,70.4036166658625,74.69702181499451,68.67204298637807
602,-131.04983434733003,-149.15095013286918,-164.5630778502673,-118.42019219696522
603,-42.21973059978336,-40.398399321362376,-40.809788316488266,-8.100623304024339
604,52.167864481918514,65.48190832417458,76.28273939620703,74.72320111468434
605,-84.17766820266843,-97.196259948425,-114.71769124083221,-88.6356289498508
606,-74.26693332009017,-79.16994216199964,-81.7429933315143,-40.054328525438905
607,15.6739207142964,28.21754516568035,34.810988787561655,49.16472481749952
608,-1.8849095776677132,5.041385140269995,-0.7965986905619502,-0.16829549800604582
609,-118.82784129213542,-137.31416677311063,-140.44820293597877,-92.83553660009056
610,-24.59732200857252,-19.114628673531115,-17.192320096306503,6.2979915253818035
611,49.06748741865158,67.74080789741129,78.86701026558876,70.54199296422303
612,-124.92387821990997,-147.75222754944116,-158.1491494262591,-122.11895325314254
613,-39.654159230180085,-40.71629081759602,-43.33048088662326,-10.759692172519863
614,44.79278176929802,65.70630232151598,68.80293948482722,73.76952662598342
615,-79.26343966089189,-93.80043078865856,-110.92543268576264,-86.09249697998166
616,-76.56697179283947,-80.10491715092212,-78.9268486648798,-45.320107663050294
617,14.952120022848248,29.43675255123526,36.71459786500782,42.503962996415794
618,6.761739119887352,2.8049249667674303,-5.086263939738274,4.02413235232234
619,-119.32898788619787,-131.76041533891112,-140.70625603292137,-95.05703717377037
620,-30.16603304259479,-15.165294320322573,-10.396921876817942,4.02787225227803
621,51.266548592597246,68.43642928916961,74.60726421605796,70.35125806648284
622,-122.07033455371857,-145.27641377877444,-156.60831064451486,-117.90408600308001
623,-41.89435930363834,-39.212851035408676,-38.9061792390421,-6.488726423121989
624,38.98471713811159,66.42062321305275,67.3668179018423,79.4466947587207
625,-79.80572515446693,-92.8205770002678,-111.11990748345852,-86.25705257803202
626,-74.19961512088776,-79.09888406284153,-79.6673488561064,-42.096313901245594
627,7.3040246134623885,22.431919934228063,25.124647902324796,41.258576311171055
628,8.747625996358693,8.721446696668863,2.139222774654627,8.799984595738351
629,-121.10544036515057,-132.6916504278779,-143.8440320957452,-94.02482478599995
630,-23.097622126340866,-22.832089229486883,-17.64110809098929,4.936667941510677
631,52.246402380988,68.6234242869541,73.65358972735703,73.71342812664807
632,-125.49982281308621,-143.08857230469584,-155.32552495971322,-115.4993303315714
633,-43.37535968609154,-41.673705206252635,-39.85985372774303,-10.785871472209692
634,44.53098877239972,64.98076173011214,69.24050777964294,71.91079634800553
635,-78.46310107037425,-92.53260470367968,-108.18034611828625,-87.88390905875713
636,-74.63718341570348,-79.65238925628364,-81.95990752894431,-45.11441316548735
637,9.304871089756489,25.072289302945137,33.80495569948107,41.11272021289915
638,5.003986140713096,8.717706796713173,3.092897263355553,5.183501338586211
639,-119.19809138774872,-136.10991898737848,-143.34662540163845,-96.51933805644512
640,-22.248664836399257,-20.797583653591573,-19.937406663782895,2.1579222744330764
641,51.49468248989433,69.90247007180005,76.86242388933897,68.24569439142942
642,-125.07721411809325,-145.31755267828703,-157.7452402310446,-117.00651001371443
643,-42.75827619340271,-39.93091182690114,-41.684924906119704,-13.886248535476625
644,50.78410149831325,61.5475335707888,71.64526345115155,72.61389753967524
645,-79.12880326248705,-94.01360508613288,-101.381207998842,-77.59544428065419
646,-82.79390521906316,-82.94724111724645,-86.17477477900684,-43.02380909025669
647,11.27579836640507,22.14020773768425,26.366294687613845,40.92946511507034
648,8.972019993700087,10.632535574026406,8.770065396092832,10.43058097641915
649,-121.71130415797234,-136.19219678640366,-143.07361270487309,-92.71585980150849
650,-22.52167753316462,-21.115475149825215,-17.199799896217883,-0.2505732970312238
651,46.831027245149016,68.51870708819479,77.9245554767549,70.216621668078
652,-120.89600596763194,-142.98011520598084,-154.13997667375952,-115.757383428514
653,-50.18571750540286,-39.212851035408676,-40.461977620609105,-11.612389362417161
654,40.26750282291323,60.926710178144276,64.59181213472039,69.22928807977587
655,-70.13808376900852,-87.4837397634983,-99.79549041762948,-79.75336655508727
656,-81.98982672858983,-81.67567513231188,-87.79789135977626,-47.724863334558904
657,8.687787597067654,19.25674487184733,23.467872221954167,39.90473252721131
658,10.344563277438283,10.512858775444329,5.434074635617435,8.904701794497669
659,-118.278075998649,-134.5055019063875,-143.30174660217017,-98.64360123127699
660,-27.847295070067048,-17.136221596971154,-15.075536721386015,3.5977837573736906
661,49.98376290779561,72.57275864016265,74.51376671716571,73.7770064258948
662,-120.42103867325932,-142.29945341404527,-151.80627910140902,-115.9817774258554
663,-46.80484794545919,-44.426271573640406,-44.67310497071594,-13.026071545667946
664,38.34145434573293,60.967849077656865,66.57021921128035,74.45018841791898
665,-67.37055780179799,-85.87558278255165,-98.70717953052372,-77.61414378043264
666,-81.25680633727461,-83.60546350944787,-88.44489405211061,-45.92597145587206
667,8.82242399547249,18.430226981639862,19.28292417153716,36.62110036611557
668,4.132589451037347,14.185440531931818,12.566063851118088,9.764878784306347
669,-121.7225238578394,-133.3610925199464,-144.0684260930866,-95.9321737634018
670,-25.39018079917878,-18.733158878050745,-14.944640222936869,3.739899955689907
671,55.324340044520795,71.91827614791691,77.98813377600163,72.34836464282125
672,-116.75219681672752,-142.57246611081064,-155.90894935280085,-114.67655234131962
673,-47.99413613136858,-40.450757920742035,-44.048541678115726,-16.90434779971838
674,42.447864497080445,55.791827538982034,69.39010377787054,70.09320496954024
675,-72.76723343785852,-85.43427458778024,-97.12894174922258,-80.2956520486623
676,-86.20095407869667,-86.69088097289205,-85.50159278698266,-45.60060015972704
677,4.401862247847021,16.06661020964384,17.24467869568616,38.894959539175034
678,14.555690627545118,19.78033086564392,12.801677548326552,16.10774910915643
679,-117.71335110533983,-132.85246612597257,-142.97637530602515,-93.86400908790529
680,-26.055882991291583,-23.523970721289515,-22.319722935557365,2.090604075230658
681,57.310226920992136,69.34522497840226,75.68435540329665,72.46056164149195
682,-124.23947652801871,-137.6245784694329,-151.7800998017192,-112.97489786148071
683,-48.69723732303828,-44.31033467501402,-44.26919577550143,-18.594782579690218
684,41.621346606872976,59.93937658984214,70.24654086772352,70.89354356005788
685,-67.76324729714543,-83.18285481445491,-87.72309336066246,-71.93323574773967
686,-81.67941503226757,-87.80163125973195,-87.17332806717604,-46.96940354350954
687,6.83279721904546,15.72253941372037,19.238045372068882,34.62025388982147
688,9.129095791839063,16.276044607162476,12.996152346022427,18.07867638580501
689,-117.29448231030256,-136.67464388068765,-142.1012387163937,-98.58750273194164
690,-29.76586374733597,-21.425886846147478,-22.17386683728546,1.4660407826304436
691,53.54040776565671,71.28249315544963,72.0716120461002,75.31784520763904
692,-121.49065006058663,-137.14961117506027,-152.57295859232545,-115.77608292829245
693,-46.25134275201708,-48.97398991975933,-44.54594837222248,-11.776944960467517
694,42.18233160022646,57.1755905225873,61.0650864765048,73.98270092345774
695,-62.08233926445246,-76.97088098805398,-93.14220839645714,-74.95133501198143
696,-84.24872630182654,-87.37902256473899,-90.14280863199383,-50.140838705934584
697,5.149842238985002,17.966479387134314,22.327202735468745,37.178345459513366
698,16.42938050534576,19.211866072379053,14.47341282851994,13.28412464261055
699,-121.86090015619993,-139.63290474563837,-151.68660230282694,-103.8645015694201
700,-27.933312769047916,-22.790950329974294,-17.929080387577415,1.5819776812568307
701,53.719922963529825,72.7036551386118,77.64406298007816,75.45996140595526
702,-117.32814140990376,-138.49223525915295,-152.69263539090753,-113.93605215009302
703,-52.8410464739427,-46.99184294324368,-47.84828003309667,-15.864655612036586
704,38.13575984816998,57.45982291921973,59.789780591614544,69.31156587880105
705,-64.61799143441021,-77.35609068349004,-87.77919185999781,-69.67433617450297
706,-83.22025381401181,-89.27141194231808,-84.47686019912362,-46.932004543952644
707,0.2505732970312238,16.990365498699248,17.618668691255152,33.70397840067744
708,14.249018831178546,23.35193532332778,18.217052684165537,19.836429364979267
709,-122.94173124339432,-138.70166965667158,-148.56004593987018,-101.11567510198802
710,-27.7911965707317,-25.150827202014625,-22.15142743755132,-0.5310657937079668
711,56.85395912639797,70.59435156360269,76.45851469412446,67.7370679974556
712,-123.21100404020399,-134.75607520341873,-151.71278160251677,-116.58390131872147
713,-48.24844932835549,-49.07496721856296,-42.848033792339265,-16.687433602288365
714,42.3169679986313,55.86288563814014,63.70171594526619,69.09839158132672
715,-65.066779429093,-77.67772207967937,-88.64684864971787,-70.78508646134287
716,-85.00044619292021,-92.51016530394554,-88.92360124643892,-52.2090033814311
717,2.247679873369634,15.438307017087936,18.47884568106383,32.10704111959785
718,20.038383962586522,22.398260834626853,20.812543253414333,18.703239678405225
719,-127.83352038543671,-139.75632144417614,-151.35749110672623,-100.09094251412898
720,-27.7911965707317,-19.900007664225996,-23.80820311792195,2.3897960716858506
721,51.84997298568487,68.64212378673255,75.20938810892403,74.5923046162352
722,-120.40981897339225,-136.11739878728986,-150.04852612223476,-113.128233759664
723,-50.02864170726389,-44.901238868013024,-49.60229311231524,-11.735806060954928
724,42.840553992427886,61.9177836664021,64.19538273941725,67.90910339541733
725,-59.4718890953809,-74.47636771760881,-87.52861856296659,-68.3279721904546
726,-87.64081556163728,-91.78836461249739,-92.18105410784483,-52.893405073322356
727,-0.11967679858207703,14.394874929450452,14.578130027279258,33.02331660874188
728,18.5274643804878,28.22502496559173,24.660900307819247,27.4209464751184
729,-122.4293649494648,-142.86417830735445,-148.7694803373888,-106.1234011426568
730,-28.58031546138227,-19.76911116577685,-24.95635240431875,2.4084955714643
731,55.64223154075444,69.29660627897829,79.95906105265021,71.32737195491791
732,-119.63191978260875,-136.5474872821942,-146.65643686242402,-112.8701806627214
733,-54.8418929502368,-46.539315048605204,-48.35316652711481,-17.70094649028033
734,32.825101911090314,57.26160822156817,63.780253844335675,70.52329346444458
735,-57.81511341501027,-72.57649854011834,-80.42280864715576,-65.59784522280097
736,-91.94918031059206,-96.75495175365359,-94.93736037518829,-52.908364673145115
737,2.8872027657926083,14.443493628874421,14.589349727146327,28.483078062534332
738,18.033797586336732,28.483078062534332,22.832089229486883,24.698299307376146
739,-123.06514794193208,-137.93499016575515,-152.38596359454095,-104.99021145608276
740,-29.3843939518556,-22.91810692846775,-24.98253170400858,-1.002293188124895
741,60.118891787715256,73.01406683493406,79.30457856040448,79.67856855597347
742,-118.89889939129353,-137.63579816929996,-156.7766061425209,-113.55084245465696
743,-51.63679868821055,-49.59107341244817,-49.8005078099668,-21.7138591427356
744,37.657052653841674,59.67758359294385,59.778560891747475,71.22265475615859
745,-60.87809147872031,-71.5891649518162,-79.30083866044879,-69.56961897574365
746,-88.94978054612875,-96.24258545972407,-97.17756044864655,-56.577206529676914
747,-1.1107502868399024,7.318984213285148,12.726879549212754,30.304409340955317
748,23.067702926695347,25.936206192709506,28.243724465370178,25.666933395899832
749,-126.96212369576097,-143.0661329049617,-151.45846840552986,-102.88090788107365
750,-28.10160826705396,-25.77165059465915,-21.115475149825215,0.19821469765156507
751,50.107179606333375,70.8486647605896,79.18116186186671,74.00140042323619
752,-115.21509793493897,-134.78599440306425,-147.15384355653077,-112.8664407627657
753,-47.45185063779354,-49.5050557134673,-50.29043470416218,-15.71879951376468
754,35.49165057949722,56.68192372843623,61.379238072782755,66.64501721039414
755,-58.43219690769911,-66.39818381331861,-79.94036155287176,-60.44426308386028
756,-89.5967832384631,-99.40654082223773,-99.96378591563553,-58.585532805882394
757,4.43926124740392,10.43058097641915,16.653774502687156,30.895313533954322
758,20.9359599519521,29.44797225110233,27.533143473789096,26.740284683182836
759,-122.59392054751515,-142.9950748058036,-147.87938414793462,-103.32969587575644
760,-26.452312386594713,-23.00038472749293,-23.101362026296556,2.621669868938625
761,57.336406220681965,75.72175440285355,74.54368591681123,77.5169063815847
762,-112.39895326830447,-134.6588378045708,-146.4769216645509,-111.28072318155318
763,-51.45354359038174,-48.00535583123565,-49.329280415549874,-16.728572501800954
764,32.56704881414771,52.27632158063352,58.72016920428723,69.67059627454728
765,-55.60857244115323,-64.24774133879691,-75.41134270653129,-58.43219690769911
766,-90.44574052840471,-93.77051158901304,-98.9353134278208,-55.99378213658929
767,-0.643262792378664,8.010865705087781,12.08361675683409,30.805555935017765
768,23.101362026296556,33.68527890089899,33.991950697265565,32.013543620705605
769,-123.81686783302575,-142.81555960793048,-152.554259092547,-110.15501329489052
770,-30.349288140423596,-25.438799498602748,-26.467271986417472,-0.8377375900745392
771,54.61001915298402,72.38202374242246,75.95362820010632,76.38745659496635
772,-116.10519412439317,-130.51876855362207,-143.75427449680865,-111.65471317712218
773,-53.05422077141702,-50.959876796230674,-50.81776059791446,-22.633874531835318
774,38.823901440016925,55.328079944476485,58.121785211376846,68.73188138566911
775,-56.30419383291155,-61.18850317504257,-71.8472180487588,-58.189103410579264
776,-91.45925341639668,-96.27624455932528,-97.7123661423102,-61.49891487136483
777,4.110150051303208,8.119322803802788,12.805417448282242,29.620007649064064
778,26.886140781454742,30.094974943436682,32.21549821831286,30.887833734042943
779,-129.42297786660492,-143.54110019933432,-154.4429085701704,-107.20423222985119
780,-30.753197335638106,-23.658607119694352,-22.95176602806896,-3.1265563629567623
781,48.091373530216515,71.33485175482929,74.13977672159672,74.14351662155241
782,-113.80515565164387,-138.03970736451447,-149.0724122337997,-111.48267777916044
783,-48.39056552667171,-51.99582908395678,-49.63221231196076,-18.84535587672144
784,32.454851815477014,50.062300806865096,55.80678713880479,62.64706415776163
785,-53.26365516893566,-62.598445458337665,-70.20540196821094,-59.98425538931042
786,-95.7863176651299,-98.27709103561938,-103.0118043795228,-58.566833306103945
787,-1.3912427835166454,10.101469780318439,8.964540193788707,31.882647122256458
788,28.90942665748298,32.742824112065136,35.7197844767943,28.883247357793152
789,-126.89480549655855,-143.2905269023031,-152.4084029942751,-106.4936512382701
790,-35.6823854772374,-27.880954169668257,-23.049003426916897,-1.2827856848016381
791,52.84852627385408,73.54139272868633,77.61788368038833,75.19816840905696
792,-115.00566353742033,-129.434197566472,-145.93089627102017,-105.8279490461573
793,-53.43943046685308,-50.873859097249806,-54.03781445976347,-20.008464762941003
794,30.6073412373662,48.7271565226838,54.150011458434165,63.45862244814634
795,-44.897498968057334,-60.186209986917675,-70.5868717636913,-56.01996143627912
796,-92.56626380328089,-97.58894944377244,-100.65192750748247,-61.723308868706226
797,-2.1429626746103168,7.719153508543968,9.297391289845109,31.239384329877794
798,78.15081942407414,94.5801999294199,89.82678708573803,67.79503644676879
799,-68.78237003507093,-87.8035012097098,-97.93863008962944,-73.58440157817677
800,21.697029592934996,31.2188148801215,23.07331277662888,30.579291987698525
801,102.57984593464062,128.444994028192,136.25764503562823,110.14192364504561
802,-60.48727193335071,-78.65944581804797,-88.89181209681556,-74.5717351664789
803,-1.3332743342034519,0.2449634470976889,3.386479409877211,18.177783734630793
804,87.02934191888198,107.19862237991765,113.00668701110408,94.74475552747026
805,1.292135434690863,-0.6787918419577181,-14.030234683770686,-20.814413203392178
806,-43.14161593886092,-46.02881870465353,-49.40220846468583,-28.264293915126473
807,44.97790681710467,60.89492102852091,62.15526731358841,62.368441611062735
808,82.08893407741562,92.39983825525269,90.80664087412879,68.25504414131865
809,-77.3130818339996,-89.73328958684579,-101.62617144593969,-78.5360291195102
810,14.235929181333631,25.11529815243557,26.31206613825634,31.708741774316877
811,104.96590210637078,127.9288878343068,127.41652154037729,108.97507485887036
812,-62.09542891429737,-76.15745274769142,-89.2807616922073,-78.25179672287777
813,-6.4606771734543145,2.447764520999044,1.5464486316777766,10.63066562404856
814,81.0567216896452,106.1776296920143,103.57465932285413,96.42023070761934
815,1.9840169264934957,-2.171011924277991,-11.229049616958946,-16.30409385683015
816,-42.217860649805516,-45.35189681267366,-48.94220077013597,-23.873651367146522
817,46.62346279760823,63.78586369426921,62.58161590853706,59.185786748770624
818,80.31996139837429,96.38283170806244,92.97578284842893,74.95320496195927
819,-75.3496343572624,-89.03018839517608,-106.82837228430435,-82.63495947094634
820,19.12023852346465,29.719114997889847,28.051119617652148,33.90406304830685
821,103.20066932728514,129.38370891707018,136.53813753230497,110.53087324043736
822,-56.795990677084774,-72.66064628912136,-90.29801448015496,-74.03318957285956
823,-4.201777600217611,1.613766830880195,-1.5501885316334665,12.998022296000272
824,86.56559432437643,103.87011141935363,107.91294327145442,97.66935729281977
825,6.685071170795709,1.3781531336717308,-10.525948425289243,-15.447656766977161
826,-41.23800686141476,-44.74977291980758,-53.497398916166276,-27.729488221462816
827,45.32197761302814,59.178306948859245,58.90155435213819,58.351789058651775
828,86.79746812162921,98.57441308209673,96.49502870673314,74.02196987299249
829,-77.69829152943566,-90.99737577186897,-98.05456698825583,-74.4595381678082
830,21.97752208961174,22.70306268101558,19.797160415444523,30.081885293591768
831,102.20211603911594,124.04313178034499,127.98498633364215,105.3997305012308
832,-57.525271168444306,-70.9066332099028,-83.25204296363518,-74.59417456621304
833,-7.792081557679921,1.9129588273353875,1.3781531336717308,7.2236167644150555
834,78.43131192075089,101.07640615245327,107.41179667739198,97.437483495567
835,11.012135419528931,2.8778530159033835,-7.231096564326435,-14.70715657575056
836,-43.62780293310061,-49.84351665945724,-49.30871096579358,-29.99960749456659
837,43.69138123234734,58.92025385191664,56.62769517907873,56.91940737562254
838,82.00291637843475,99.8833780665882,96.74186210380867,75.19629845907912
839,-84.3553134505637,-92.15674475813285,-103.97856851806864,-79.1680722120218
840,16.012381660286337,28.668203110340983,28.02494031796232,31.738660973962396
841,100.77347425604239,123.74767968384549,126.60122335003689,106.83585208421573
842,-58.15357436100021,-74.39221996860579,-87.21633691666648,-73.5357828787528
843,-6.105386677663773,-2.245809923391789,-4.560807995963842,9.957483632024378
844,83.73822995787486,104.23288171505556,106.18136959197,98.86612527864054
845,12.758668698836118,5.880992680322379,-6.995482867117971,-13.338353191968054
846,-46.9675335935317,-50.42320115258917,-52.10615613264963,-33.414136154111475
847,43.063078039791435,56.343462782446295,59.27180444775149,57.77210456551984
848,83.92148505570367,98.47717568324879,96.62966510513797,75.5740283546038
849,-75.85826075123623,-87.79602140979841,-96.96625610115007,-77.78056932846084
850,19.404470920097083,25.09285875270143,22.957375878002495,32.153789869043976
851,102.35171203734353,127.20708714285865,120.02273932797834,108.51132726436481
852,-57.25599837163463,-71.54615610232577,-73.08699488407001,-73.00097718508914
853,-6.2175836763344705,1.80824162857607,-1.8269411283545196,13.828280086163431
854,77.89650622708723,104.49093481199816,107.3669178779237,94.16881093429402
855,12.006948807742447,8.476483249571174,-3.453797609079629,-11.124332418199629
856,-46.82915729517117,-49.61538276216015,-55.180353896226734,-32.29964596731588
857,40.32173137227073,54.03594450978562,58.49764515692368,57.47291256906465
858,83.66717185871676,100.87071165489033,95.10378592321649,74.6091341660358
859,-75.7946824519895,-89.27702179225162,-102.20959583902732,-78.12464012438431
860,19.49422851903364,25.762300844769925,25.762300844769925,27.022647129837424
861,101.98146194173023,124.13662927923724,131.448133692611,112.63269701553509
862,-49.937014158349484,-69.6836859243922,-87.06300101848319,-72.60454778978601
863,-5.630419383291155,-2.171011924277991,-2.088734125252813,12.68013079976663
864,83.12862626509741,99.92451696610078,103.59709872258827,93.08423994714394
865,12.534274701494724,6.326040775049478,-0.8508272399194539,-8.857953045051545
866,-48.13812227966264,-51.79574443632737,-58.03015766246244,-36.41727581853047
867,41.3352442602627,59.86644854070619,57.46543276915327,58.18723346060142
868,89.34433999145404,104.95468240650371,103.69059622148052,81.02680248999968
869,-78.23309722309932,-92.27642155671492,-106.68999598594382,-75.39451315673068
870,11.812474010046571,24.991881453897804,23.98584836581722,28.42136971326545
871,98.64921108121052,125.49421296315268,130.92454769881442,109.33410525461659
872,-58.90155435213819,-69.72482482390478,-83.39789906190708,-71.89770669816062
873,-5.04699499020353,2.2383301234804094,-4.523408996406943,10.174397829454392
874,82.14503257675096,103.38018452515826,103.03985362919047,96.93259700154886
875,17.57565984176472,9.303001139778644,-1.486610232386738,-12.994282396044582
876,-49.948233858216554,-52.04631773335859,-58.53878405643627,-31.787279673386365
877,39.820584778208286,51.33573674177751,52.89901492325589,52.61478252662346
878,83.63725265907124,103.18570972746238,99.77866086782888,75.3159752576612
879,-77.94886482646689,-90.32419377984479,-104.22914181509987,-83.51009606057778
880,12.485656002070755,23.825032667722553,19.352112320717424,25.350911849644035
881,103.00993442954496,124.35354347666726,128.95736032212153,112.98424761136994
882,-60.012304638978094,-67.12185445474461,-83.74944965774193,-68.902046833653
883,-2.488903420511633,-3.3191612106747925,-3.745509805623442,10.29407462803647
884,81.18387828813866,98.75392827996984,105.31371280224994,93.40587134333327
885,18.33859943272546,16.909957649651915,6.565394372213632,-4.994636390823871
886,-50.07539045671001,-56.10036928532645,-62.58535580849275,-38.50040009384975
887,39.843024177942425,52.22209303127602,44.76099261967465,50.19506725529209
888,86.3187609273009,103.44376282440498,103.72051542112604,79.64303950639442
889,-82.90049236780033,-91.2853480684571,-103.50360122369602,-82.1674719764851
890,18.039407436270267,22.175736787263304,29.674236198421568,26.33076563803479
891,104.6629702099599,127.47635993966833,131.50049229199067,109.41264315368608
892,-50.96548664616421,-67.05453625554219,-77.70203142939135,-70.57378211384639
893,-5.989449779037386,1.123839936684817,-6.815967669244856,9.703170435037464
894,83.9476643553935,101.18860315112397,104.72654850920662,96.34169280854985
895,13.214936493430287,16.102139259222895,6.875806068535894,-2.5225625201128423
896,-50.307264253962785,-51.82940353592858,-58.98009225120768,-32.82697186106816
897,37.53176600532606,47.17322809109464,50.40824155276641,51.892981835175306
898,89.43783749034628,109.62955735111609,107.35943807801232,84.60588674759492
899,-77.53373593138531,-92.6541514522396,-102.89399753091857,-81.45315108494833
900,17.11939204717055,24.217722163069993,22.590865682344884,26.992727930191904
901,102.84911873145029,125.5577912623994,131.5266715916805,109.94744884734973
902,-49.42464786441997,-64.48522498598322,-81.63266628282145,-71.28436310542747
903,-13.267295092809945,-9.168364741373807,-12.68761059967801,5.2938283872790635
904,76.71469784108922,96.99617530079558,110.88990363618359,91.33022686792538
905,21.08368600020185,24.501954559702426,12.717529799323529,1.774582528974861
906,-51.72842623712495,-51.71346663730219,-61.72891871863976,-38.13014999823645
907,42.55445164581761,52.42030772892758,49.514405463356525,53.516098415944725
908,92.36617915565148,105.35111180180684,103.660677021835,85.54460163647309
909,-77.6122738304548,-92.51951505383477,-106.75731418514624,-83.27074246341363
910,12.908264697063714,23.15559057565406,20.130011511500925,26.82443243218586
911,98.70530958054587,125.64754886133596,131.0479643973522,109.89509024797007
912,-51.19362054346129,-66.80022305855528,-83.38293946208432,-69.9791380208917
913,-6.430757973808795,-4.471050397027284,-5.391065786127001,5.697737582493573
914,81.40453238552436,98.59311258187518,101.64861084567383,91.21428996929899
915,23.92974986648187,15.948803361039609,8.412904950324446,2.253289723303169
916,-56.751111877616495,-55.71889948984608,-59.552296944428235,-40.699461267795414
917,35.5533589287661,48.4859329755418,52.8578760237433,52.59234312688932
918,95.85924571426585,109.2555673555471,112.75611371407285,88.27846850408241
919,-78.84644081583247,-85.89241233235225,-104.64427071018144,-77.71699102921411
920,15.443916867021471,22.31037318566814,18.469495931174606,34.43886874197051
921,98.26774128573015,123.90101558202878,124.31614447711036,100.2536281622015
922,-54.12944200867787,-68.39342043967918,-83.38667936204001,-74.51189676718786
923,-11.206610217224807,-8.996329343412071,-2.7095575178973377,7.515328960958868
924,71.89022689824924,93.72002293961123,97.16447079880163,87.30235461564735
925,19.49422851903364,21.812966491561383,11.565640612971038,0.7012312416918576
926,-54.10700260894373,-57.4916120688431,-64.88913418119773,-41.17442856216803
927,45.019045716617256,51.952820234466344,53.21316651953384,53.508618616033345
928,96.31177360890433,105.54558659950271,106.28234689077362,86.21778362849727
929,-78.8688802155666,-91.40876476699486,-102.53496713517234,-82.5377220720984
930,11.730196211021394,22.624524781946093,27.92396301915869,28.627064210828394
931,105.7737204967998,126.52642535092309,128.02612523315474,106.83959198417142
932,-49.75375906052068,-62.65641390765086,-72.98601758526638,-68.55797603772953
933,-13.85819928580895,-4.265355899464339,-10.103339730296284,3.7604694054462016
934,75.92557895043865,96.80918030301109,95.64233151683584,92.79252775060013
935,22.845178879331797,26.7720738328062,14.422924179118127,3.2032243120484054
936,-57.25225847167894,-59.76547124190256,-71.95006529754028,-45.55011151032522
937,36.619230416137725,51.67606763774529,45.890442406293005,47.457460487727076
938,94.06035383557901,106.772273784969,111.56682552816346,91.56210066517815
939,-77.48137733200565,-94.1014927350916,-102.93139653047547,-81.32225458649918
940,13.401931491214782,22.811519779730588,25.844578643795103,34.14341664547101
941,99.96191596565768,126.08511715615168,126.39552885247394,110.72534803813323
942,-47.449980687815696,-59.514897944871336,-74.91206606244668,-67.22657165350392
943,-15.032527871895581,-9.935044232290238,-10.739122722763568,6.154005377087742
944,74.96442466182634,96.39031150797382,103.14831072790548,89.89784518489614
945,33.358037654776126,24.31121966196224,15.320500168483704,3.0311889140866697
946,-51.545171139296144,-58.16479406086728,-66.56460936134681,-43.53056553425267
947,32.40810306603089,48.05958438059315,45.37059631245211,45.23222001409158
948,93.46196984266862,111.48828762909397,117.71148115536198,89.8380067856051
949,-74.75499026430771,-88.22610990470275,-101.91414374252781,-84.243116451893
950,19.400731020141393,28.084778717253357,21.027587500866503,30.75132738566026
951,103.45124262431636,125.23989976616576,122.6668485966511,111.86227762466297
952,-49.069357368629426,-60.0459637385793,-76.44916494423524,-66.08216226706281
953,-15.698230064008385,-11.116852618288249,-9.003809143323451,2.892812615726143
954,70.2745901173912,93.14033844647929,99.2139359745197,85.52590213669464
955,31.087918381672353,29.737814497668296,15.802947262767702,8.386725650634617
956,-58.12365516135469,-64.56376288505271,-69.29099642904475,-45.17986141471192
957,39.038945687469095,49.043178068939596,53.71431311359629,53.28796451864764
958,89.9502037842758,110.2167216441594,110.63559043919668,90.90761817293242
959,-80.32370129832998,-94.20247003389522,-104.20296251541004,-84.02994215441868
960,12.612812600564212,21.644670993555337,17.758914939593524,27.026387029793113
961,102.08617914048955,125.5615311623551,127.10236994409934,109.49492095271125
962,-45.864263106603175,-59.952466239687055,-80.23020379943773,-68.4981376384385
963,-13.85071948589757,-15.372858767863363,-10.365132727194577,-0.6077337427996099
964,69.66124652465805,95.025248024147,96.68576360447332,88.45050390204415
965,26.472881836351007,32.33330506691709,23.20794917503372,6.905725268181413
966,-56.88200837606564,-63.04536350304261,-67.72397834761068,-47.820230783429
967,37.18021540949121,48.44105417607352,49.6714812614955,49.75749896047637
968,97.5085415947251,116.23422067286447,113.24604060826823,94.68491712817922
969,-75.73484405269846,-94.70361662795767,-105.698922497686,-84.60588674759492
970,16.431250455323607,21.382877996657044,18.813566727098078,29.315205802675337
971,99.03442077664658,121.17836841428652,128.1869409312494,111.72390132630244
972,-46.77305879583582,-59.107248849701136,-71.19086560653523,-68.24008454149589
973,-19.45308961952105,-9.44885723805055,-15.051227371674031,4.9310580915771425
974,69.73978442372754,91.49478246597573,95.61615221714601,87.22755661653355
975,32.172489368822426,33.16356285708025,25.362131549511105,14.30698728049174
976,-58.82675635302439,-64.99385137995705,-74.24262397037819,-46.4476874996908
977,29.92854939540848,46.02133890474215,43.463247335050255,49.155375067610294
978,90.79168127430603,113.23108100844547,118.42580204689875,94.45678323088214
979,-75.84704105136916,-90.77672167448327,-105.74754119710997,-85.4660637374036
980,14.946510172914714,21.031327400822192,23.305186573881656,23.308926473837346
981,104.33385901385918,127.12854924378917,130.1503884079866,107.34821837814525
982,-40.5199460699223,-59.64205454336479,-75.63012685393915,-66.88624075753614
983,-19.90561751415953,-14.422924179118127,-19.53162751859054,2.8853328158147633
984,72.29787599341944,89.26580209238455,91.64811836415902,84.13839925313368
985,29.348864902276546,32.43428236572072,21.020107700955123,11.629218912217766
986,-56.302323882933706,-67.66787984827533,-67.82869554637,-43.743739831727
987,38.10023079859093,45.501492810901254,46.634682497475296,45.20978061435744
988,97.95732958940789,117.65912255598232,120.05265852762386,93.71628303965554
989,-74.93450546218082,-92.8411464500241,-105.19029610371217,-81.7635627812706
990,14.138691782485694,20.444163107778877,17.44476334331557,24.644070758018643
991,103.46246232418343,124.47696017520502,130.06437070900574,106.48430148838088
992,-47.861369682941586,-58.25829155975953,-70.74581751180813,-64.64978058403358
993,-17.343786044511944,-14.052674083504826,-11.10189301846549,1.6586456303484738
994,74.66149276541546,92.63171205250546,101.16242385143414,91.15819146996364
995,37.782339302357286,38.09649089863524,29.24788760347292,13.308433992322534
996,-59.39522114628926,-62.49559820955619,-77.2382838348858,-49.72009996091947
997,31.13279718114063,46.672081497032195,45.471573611255735,45.131242715287954
998,95.96022301306948,121.72065390786156,119.75720643112436,98.92222377797589
999,-74.9045862625353,-93.26188519503921,-105.53997674956918,-82.71349737001583
1000,9.770488634239882,17.622408591210842,14.86984222382307,26.106371640693396
1001,100.11899176379666,120.34250077418983,130.16347805783153,110.55705254012719
1002,-38.31714499602094,-55.04010764788836,-65.63524422235787,-61.37736812280491
1003,-21.55491339461878,-9.68634088523686,-17.76078488957137,2.6123201190494
1004,67.96333194477484,89.54816453903913,94.76532497722656,85.9111118321307
1005,37.17647550953552,41.655005706474185,30.63726043701172,17.422323943581432
1006,-59.675713642966,-68.16715649235994,-70.56443236395717,-50.16888795560226
1007,33.97138124750927,41.247356611303985,42.66103879455477,42.47217384679243
1008,100.50794135918841,119.58330108318478,113.95849154982716,99.15035767527297
1009,-78.97359741432592,-92.49894560407847,-104.69849925953895,-84.84150044480339
1010,9.763008834328502,17.790704089216888,15.221392819657922,21.86532509094104
1011,104.64427071018144,124.54614832438529,127.56050768867135,106.39828378940001
1012,-38.0366524993442,-49.91644470859319,-72.72609453834593,-60.83134272927418
1013,-16.999715248588473,-14.559430527500808,-21.934513240121305,1.4679107326082885
1014,75.39451315673068,86.75819917209446,89.53694483917207,79.03717571357265
1015,37.54298570519313,42.79567519295961,29.657406648620963,15.806687162723392
1016,-65.6071949726902,-69.63693717494607,-74.59978441614658,-53.071050321217626
1017,28.81779910856858,44.437491273507476,45.2079106643796,46.8179375953041
1018,96.5847863056697,122.29846845101565,118.868980191648,100.77721415599808
1019,-76.43046544445679,-93.16464779619128,-101.77389749418944,-85.15939194103703
1020,12.552974201273173,19.552196968346834,18.318029982969165,28.103478217031807
1021,97.75537499180064,126.19170430488884,127.20147729292512,109.43508255342022
1022,-36.12930352194235,-56.524847930297256,-71.09175825770944,-63.636267696041614
1023,-22.665663681458682,-18.721939178183675,-20.91726045217365,-1.7858022288419306
1024,66.95355895673856,88.89742194674909,93.41896099317819,86.52071552490816
1025,41.63817615667358,48.9852096196264,38.52096954360604,20.68351670494303
1026,-64.10749509045854,-73.15618303325027,-81.35778363607824,-54.787664400879294
1027,29.464801800902933,42.15241240058094,43.4651172850281,41.5558983576484
1028,95.12996522290632,121.15405906457454,118.12474010046571,102.97253542998806
1029,-75.79094255203381,-92.36804910562932,-108.18408601824194,-82.95659086713567
1030,11.03457481926307,15.812297012656927,15.868395511992276,23.058353176806122
1031,97.86383209051564,120.48461697250605,123.34190053865314,108.9227162594907
1032,-36.570611716713756,-47.56778753641993,-64.7339283330366,-57.03908417420462
1033,-21.55117349466309,-17.64858789090067,-22.057929938659072,-2.1560523244552314
1034,74.91580596240237,88.05968435667455,88.16440155543387,79.91231230320409
1035,40.662062268238515,43.84658708050847,38.18437854759395,24.4009772608988
1036,-63.02292410330847,-71.54428615234792,-73.30203913152218,-54.17806070810184
1037,30.79246628517285,43.38283948600292,40.20766442362219,41.33898416021839
1038,98.20790288643911,121.84594055637717,122.6126200472936,101.74584824452177
1039,-70.39426691597328,-86.07379748020321,-101.66918029543012,-81.70372438197955
1040,13.787141186650842,18.46762598119676,19.413820669986308,25.343432049732655
1041,98.60059238178656,123.55507483612746,124.84160042088479,109.0349132581614
1042,-34.52862634090707,-46.25134275201708,-56.85021922644228,-54.742785601411015
1043,-23.19672947516665,-20.50587145704776,-26.58694878499955,-5.922131579834968
1044,65.6071949726902,84.484339999035,90.54671782720834,81.80844158073887
1045,39.24464018503204,44.093420477584004,43.9475643793121,22.71054248092696
1046,-61.152974125463516,-68.89643698371947,-76.11818379815668,-54.754005301278085
1047,30.227741391863674,41.88687950372696,37.986163849942386,39.95522117661312
1048,102.20211603911594,122.92677164357156,121.26251616328955,101.71592904487625
1049,-78.27423612261191,-95.37118877004832,-102.7500113826245,-83.9850633549504
1050,9.134705641772598,19.29414387140423,14.832443224266171,19.239915322046727
1051,94.77093482716009,122.94547114335,131.86887243762612,109.5173603524454
1052,-38.72105419123545,-53.01682177186012,-59.29985369741917,-60.30027693556622
1053,-20.70595610467717,-15.255051919259131,-20.812543253414333,-1.5875875311903656
1054,68.10170824313536,85.38191598840058,90.50557892769575,81.78600218100473
1055,47.7080337847583,46.864686344750226,41.72606380563229,20.956529401708394
1056,-63.46423229807988,-71.73502105008811,-79.02408606372774,-54.746525501366705
1057,27.849165020044893,37.72811075299978,33.31502880528569,39.52513268170878
1058,97.69927649246529,120.82868776842952,119.242970187217,101.031527352985
1059,-73.84993447503075,-85.16874169092625,-102.97066548001021,-80.66777209425345
1060,11.46092341421172,19.110888773575425,16.84076950047165,29.057152705732733
1061,101.2521814503707,121.75244305748492,129.64737186394632,114.0351594989188
1062,-30.227741391863674,-45.278968763537705,-61.67095026932657,-57.69356666645035
1063,-25.642624046187848,-21.504424745216966,-19.432520169764757,-2.4253251212649047
1064,64.94149278057739,84.43572129961103,89.18539424333721,80.86598679190502
1065,40.43392837094143,49.94636390823871,45.38368596229702,23.869911467190832
1066,-67.82869554637,-73.80692562554032,-80.3741899477318,-54.84750280017033
1067,28.03616001782939,41.03792221378535,44.18691797647625,39.053905287291855
1068,98.28270088555291,122.52286244835705,125.1707116169855,99.52060777088627
1069,-74.32116186944768,-86.42160817608237,-105.00891095586121,-80.166625500191
1070,10.163178129587322,16.713612901978195,13.340223141945899,24.673989957664162
1071,100.5116812591441,122.80335494503379,123.21474394015968,110.90486323600635
1072,-33.63479025149718,-46.5767140481621,-60.63873788155615,-54.19676020788029
1073,-24.36731816129759,-23.33323582354933,-25.38644089922309,-3.7679492053575814
1074,60.55085023259744,82.32267782464623,83.5605847099796,80.60045389505103
1075,49.940754058305174,51.1356520941481,43.10234698932618,27.94266251893714
1076,-59.36530194664374,-74.64840311557055,-84.20758740231395,-56.298583982978016
1077,29.734074597712606,37.79916885215789,37.76176985260099,39.012766387779266
1078,110.45981514127925,121.22511716373265,119.86005367990583,101.05770665267482
1079,-75.63760665385053,-89.64540193788707,-103.62888787221164,-84.35905335051939
1080,3.41639860952273,14.52203152794391,17.038984198123217,18.869665226433426
1081,95.82184671470895,123.65605213493109,125.17819141689688,105.57550579914823
1082,-34.28553284378722,-42.23095029965043,-53.704963363707066,-47.876329282764345
1083,-18.70884952833876,-18.14599458500743,-26.11572139058262,-4.291535199154168
1084,69.21245852997527,85.92420148197562,85.38191598840058,80.61541349487379
1085,51.062724045012146,55.03262784797698,42.76575599331409,36.49581371759996
1086,-66.88624075753614,-77.28503258433193,-84.97426689323038,-57.82820306485519
1087,24.860984955448657,37.55607535503805,36.24711037054658,39.3717967835255
1088,103.59709872258827,127.4296111902222,129.41549806669354,102.82667933171615
1089,-74.16034617135301,-94.7092264778912,-103.55782977305353,-84.07482095388696
1090,7.635005759540945,19.215605972334743,15.083016521297395,24.647810657974333
1091,95.04020762396976,122.27228915132582,127.16781819332391,112.6289571155794
1092,-31.005640582647175,-41.606387007050216,-54.23602915741503,-57.577629767823964
1093,-23.009734477382153,-19.166987272910774,-24.18967291340232,-9.265602140221745
1094,64.2720506885089,82.65552892070264,85.99151968117803,80.2414234993048
1095,55.41970749339089,49.55367441289127,49.95758360810578,27.789326620753855
1096,-66.24671786511317,-76.24160049669445,-84.67881479673088,-58.66594065492973
1097,26.618737934622914,35.644986477680504,37.34664095751941,38.40316269500181
1098,99.33735267305747,125.3913657143712,127.90457848459482,105.17159660393372
1099,-72.91869938606396,-88.23171975463629,-100.61452850792557,-83.73075015796348
1100,9.740569434594363,15.879615211859345,16.391981505788863,27.306879526469857
1101,98.1405846872367,119.96477087866515,122.62757964711636,106.8096727845259
1102,-27.879084219690412,-36.445325068198144,-51.659238087944686,-50.722393149044365
1103,-24.39349746098742,-22.18508653715253,-26.49719118606299,-5.84359368076548
1104,60.782724029850215,80.1497959503904,83.63538270909339,75.48427075566724
1105,50.7822315483354,56.77542122732848,50.64946509990841,31.62272407533601
1106,-62.94064630428329,-74.42400911822915,-81.57469783350825,-63.9018005928956
1107,24.154143863823265,35.82824157550931,38.50974984373897,39.472774082329124
1108,102.92765663051978,121.4644707608968,118.51742959581316,100.48924185940996
1109,-79.93475170293823,-90.10914953239262,-102.80236998200417,-83.85042695654556
1110,4.822600992862135,13.579576739110053,11.346856465563178,23.727795268874615
1111,95.78070781519637,120.85112716816366,126.73024989850819,112.32602521916851
1112,-29.1805694042705,-37.71315115317702,-52.31746048014611,-50.714913349132985
1113,-23.428603272419423,-22.58151593245566,-25.7903500944376,-3.2742824112065136
1114,63.00422460353002,78.94180826470256,81.12590983882546,80.9108655913733
1115,49.858476259279996,56.62208532914519,56.07605993561447,39.31195838423446
1116,-72.68682558881119,-78.17512877378613,-85.34451698884368,-62.349742111284286
1117,29.14691030466929,40.14408612437546,38.90991913899779,41.52971905795857
1118,102.67708333348855,120.30136187467724,122.0217158542946,98.57815298205242
1119,-69.6425470248796,-87.01251236908138,-103.48677167389542,-86.99942271923646
1120,10.866279321257025,13.097129644826055,8.362416300922632,23.18176987534389
1121,92.22780285729095,115.2786762341857,121.4644707608968,100.5453403587453
1122,-30.36237779026851,-36.11995377205312,-50.20441700518131,-50.662554749753326
1123,-22.897537478711456,-23.871781417168677,-28.296083064749837,-8.072574054356664
1124,65.17336657783017,78.41074247099459,81.26428613718599,76.44168514432386
1125,56.18638698430732,65.85215841978788,56.39395143184811,40.602223868947476
1126,-66.7179452595301,-75.77411300223321,-85.25849928986281,-57.00542507460341
1127,29.401223501656204,37.73559055291116,37.82534815184772,40.254413173068315
1128,101.19608295103535,125.0211156187579,124.3554134266451,105.10053850477561
1129,-76.96153123816475,-92.48024610430002,-106.77414373494685,-89.70711028715596
1130,1.6212466307915747,11.182300867512822,12.925094246864319,19.763501315843314
1131,94.69987672800198,117.70961120538414,123.93280473165214,105.41095020109788
1132,-25.006841053720564,-32.454851815477014,-48.940330820158124,-49.41716806450859
1133,-27.17224312806502,-23.897960716858506,-27.31622927635908,-9.273081940133125
1134,57.637468167115,79.09514416288584,80.04133885167539,73.9060329743661
1135,63.37821459909901,60.33206608518958,54.0265947598964,35.08213153434917
1136,-72.59332808991894,-76.53331269323826,-79.94036155287176,-61.74761821841821
1137,22.575906082522124,36.026456273160875,34.754890288226306,37.09793761046603
1138,100.2498882622458,124.12727952934802,126.34504020307213,106.59649848705158
1139,-70.02401682035998,-84.20010760240257,-101.87861469294876,-77.13356663612649
1140,4.837560592684895,10.666194673627615,7.25166601408273,22.75542128039524
1141,94.26978823309764,118.21075779944658,118.80914179235697,104.45727571239695
1142,-25.728641745168716,-31.43011922761798,-46.02320885472,-47.81275098351762
1143,-31.061739081982523,-24.361708311364055,-31.7928895233199,-13.551527489442378
1144,59.87018844066188,80.54248544573784,79.09888406284153,77.63471323018894
1145,62.353482011239976,64.21034233924001,59.09789909981191,41.34272406017408
1146,-69.1638398305513,-80.14605605043471,-88.41871475242078,-66.05598296737298
1147,30.074405493680388,36.73329736478627,39.684078429825604,39.74952667905018
1148,102.37041153712198,121.14657926466316,125.88877240847796,101.90666394261643
1149,-73.79757587565109,-89.83239693567157,-95.49834536854178,-82.65365897072479
1150,1.8456406281329691,11.27953826636076,14.017145033925772,24.086825664620847
1151,94.63255852879956,117.7245708052069,120.1667254762724,110.59819143963978
1152,-14.976429372560233,-30.95515193324536,-41.0940207131207,-42.88730274187401
1153,-26.00165444193408,-28.692512460052967,-29.74716424755752,-11.300107716117054
1154,61.201592824887484,75.46370130591094,76.44729499425739,71.5349364024587
1155,57.39811456995085,65.14531732816249,61.17354357521981,43.089257339481264
1156,-69.47051162691787,-77.09429768659174,-89.36490944121033,-65.28930347645655
1157,23.323886073660105,34.29488259367645,32.49973061494529,38.79211229039356
1158,102.03756044106558,123.95898403134197,125.89625220838934,105.00704100588337
1159,-63.969118792098016,-87.3378836652264,-105.48013835027814,-82.00665627839044
1160,4.658045394811779,10.183747579343617,12.165894555859268,21.016367800999433
1161,90.44387057842687,115.32729493360966,122.93799134343863,102.78928033215925
1162,-27.864124619867653,-32.09582141973078,-42.70591759402305,-41.843870654236525
1163,-30.78124658530578,-24.90399380493909,-30.869134234264493,-12.971842996310443
1164,60.330196135211736,76.06956509873271,77.46454778220505,74.24262397037819
1165,61.713959118817,70.11564436927438,60.926710178144276,45.27335891360417
1166,-70.11003451934084,-85.41931498795748,-89.35742964129895,-69.82206222275272
1167,25.55286644725129,36.58744126651436,37.06988836079836,36.611750616226345
1168,104.24784131487831,128.07661388255656,127.71758348681033,103.3278259257786
1169,-66.58704876108095,-83.1529356148094,-97.78342424146831,-77.56739503098652
1170,6.505555972922593,11.159861467778683,10.583916874602437,22.160777187440544
1171,93.98555583646521,115.74616372864693,116.28470932226628,106.80593288457021
1172,-24.7338283569552,-30.65595993679017,-42.18981140013784,-46.06995760416612
1173,-30.8111657849513,-26.93475948087871,-35.88434007484466,-10.462370126042515
1174,62.49559820955619,74.15473632141948,75.01117341127247,74.02196987299249
1175,62.15152741363272,69.37514417804778,68.67578288633376,51.485332740005106
1176,-70.25215071765706,-79.35693715978414,-90.22508643101901,-63.72976519493386
1177,18.933243525680155,30.891573633998632,26.91605998110026,33.87040394870564
1178,103.61205832241103,131.10967274662107,134.23996900953352,108.43652926525101
1179,-74.46701796771958,-83.05569821596146,-98.47156583331525,-81.59152738330886
1180,5.630419383291155,9.413328188471496,10.654974973760545,21.14352439949289
1181,89.77442848635837,114.50451694335788,118.22197749931365,103.1034319284372
1182,-18.544293930288404,-25.580915696918964,-42.866733292117715,-36.215321220923215
1183,-30.152943392749876,-29.72098494786769,-34.95310498587787,-12.840946497861296
1184,54.88864169968292,73.38431693054736,69.92864937148988,66.7179452595301
1185,59.42140044597909,69.30782597884536,70.97208145912737,43.508126134518534
1186,-73.12439388362691,-83.893435806036,-90.22508643101901,-65.74931117100641
1187,26.888010731432587,35.40937278047204,37.95250475034118,38.74349359096959
1188,106.66755658620968,125.73169661033899,128.5441013770178,105.11923800455406
1189,-68.61781443702057,-81.69437463209033,-98.5650633322075,-79.33262781007215
1190,2.503863020334393,8.788764895871282,12.50622545182705,19.14641782315448
1191,88.92547119641677,113.9061329504475,115.95185822620988,102.86407833127305
1192,-12.822246998082846,-23.452912622131407,-33.67031930107623,-36.79126581409946
1193,-29.034713305998594,-31.72557132411748,-38.68178524170071,-14.613659076858312
1194,60.019784438889474,69.48734117671847,68.74684098549187,69.69490562425926
1195,60.89492102852091,73.17114263307303,67.24340120330453,49.40594836464152
1196,-74.88214686280116,-82.30397832486778,-89.42474784050137,-69.44807222718373
1197,27.781846820842475,35.570188478566706,35.08774138428271,36.28263942012563
1198,102.20585593907163,127.69514408707619,131.92871083691716,105.11549810459837
1199,-68.8683877340518,-82.7041476201266,-94.14824148453772,-80.70143119385466
